source,entity,source_key,source_name,context,target_id,note
fbref,club,1|manchester utd,Manchester Utd,league_id=1 best_score=0.83,224,elle dogrulandi 2026-08-18
fbref,club,1|wolves,Wolves,league_id=1 best_score=0.55,174,elle dogrulandi 2026-08-18
fbref,club,3|athletic club,Athletic Club,league_id=3 best_score=0.00,184,elle dogrulandi 2026-08-18
fbref,club,5|brest,Brest,league_id=5 best_score=0.55,142,elle dogrulandi 2026-08-18
fbref,club,5|psg,PSG,league_id=5 best_score=0.50,175,elle dogrulandi 2026-08-18
fbref,club,5|rennes,Rennes,league_id=5 best_score=0.67,105,elle dogrulandi 2026-08-18
fbref,club,4|gladbach,Gladbach,league_id=4 best_score=0.70,77,elle dogrulandi 2026-08-18
fbref,player,kaye furo,Kaye Furo,born=2007 club_id=37 best_score=0.32,,players.id yaz
fbref,player,yehor yarmoliuk,Yehor Yarmoliuk,born=2004 club_id=37 best_score=0.87,,players.id yaz
fbref,player,oliver sonne,Oliver Sonne,born=2000 club_id=34 best_score=0.26,,players.id yaz
fbref,player,kevin,Kevin,born=2003 club_id=220 best_score=0.22,,players.id yaz
fbref,player,savio,Sávio,born=2004 club_id=224 best_score=0.33,,players.id yaz
fbref,player,oleksandr zinchenko,Oleksandr Zinchenko,born=1996 club_id=195 best_score=0.44,,players.id yaz
fbref,player,nilson angulo,Nilson Angulo,born=2003 club_id=109 best_score=0.48,,players.id yaz
fbref,player,dane scarlett,Dane Scarlett,born=2004 club_id=65 best_score=0.50,,players.id yaz
fbref,player,carlos benavidez,Carlos Benavídez,born=1998 club_id=30 best_score=0.64,,players.id yaz
fbref,player,ibrahim diabate,Ibrahim Diabaté,born=1999 club_id=30 best_score=0.30,,players.id yaz
fbref,player,jonny castro,Jonny Castro,born=1994 club_id=30 best_score=0.73,,players.id yaz
fbref,player,ville koski,Ville Koski,born=2002 club_id=30 best_score=0.27,,players.id yaz
fbref,player,youssef lekhedim,Youssef Lekhedim,born=2005 club_id=30 best_score=0.62,,players.id yaz
fbref,player,joao cancelo,João Cancelo,born=1994 club_id=53 best_score=0.43,,players.id yaz
fbref,player,hugo garcia,Hugo García,born=2006 club_id=221 best_score=0.73,,players.id yaz
fbref,player,gonzalo villar,Gonzalo Villar,born=1998 club_id=70 best_score=0.38,,players.id yaz
fbref,player,coba da costa,Coba da Costa,born=2002 club_id=136 best_score=0.36,,players.id yaz
fbref,player,luis vazquez,Luis Vázquez,born=2001 club_id=136 best_score=0.26,,players.id yaz
fbref,player,zaid romero,Zaid Romero,born=1999 club_id=136 best_score=0.38,,players.id yaz
fbref,player,brugui,Brugui,born=1996 club_id=125 best_score=0.56,,players.id yaz
fbref,player,pablo cunat,Pablo Cuñat,born=2002 club_id=125 best_score=0.70,,players.id yaz
fbref,player,rahim bonkano,Rahim Bonkano,born=2002 club_id=99 best_score=0.57,,players.id yaz
fbref,player,salomon rondon,Salomón Rondón,born=1989 club_id=99 best_score=0.00,,players.id yaz
fbref,player,alexandre alemao,Alexandre Alemão,born=1998 club_id=134 best_score=0.50,,players.id yaz
fbref,player,daniel guerrero,Daniel Guerrero,born=2005 club_id=67 best_score=0.64,,players.id yaz
fbref,player,alvaro fidalgo,Álvaro Fidalgo,born=1997 club_id=67 best_score=0.67,,players.id yaz
fbref,player,thiago pinar,Thiago Pinar,born=2007 club_id=158 best_score=0.85,,players.id yaz
fbref,player,urko gonzalez,Urko González,born=2001 club_id=192 best_score=0.32,,players.id yaz
fbref,player,alfon,Alfon,born=1999 club_id=135 best_score=0.29,,players.id yaz
fbref,player,joaquin martinez gauna,Joaquín Martínez Gauna,born=2003 club_id=135 best_score=0.33,,players.id yaz
fbref,player,filip ugrinic,Filip Ugrinic,born=1999 club_id=22 best_score=0.46,,players.id yaz
fbref,player,jose luis garcia vaya,José Luis García Vayá,born=1998 club_id=22 best_score=0.33,,players.id yaz
fbref,player,lucas beltran,Lucas Beltrán,born=2001 club_id=22 best_score=0.40,,players.id yaz
fbref,player,ruben lendinez,Ruben Lendinez,born=2003 club_id=22 best_score=0.62,,players.id yaz
fbref,player,danny loader,Danny Loader,born=2000 club_id=111 best_score=0.58,,players.id yaz
fbref,player,sofiane boufal,Sofiane Boufal,born=1993 club_id=198 best_score=0.26,,players.id yaz
fbref,player,younes namli,Younes Namli,born=1994 club_id=198 best_score=0.48,,players.id yaz
fbref,player,allan saint maximin,Allan Saint-Maximin,born=1997 club_id=209 best_score=0.33,,players.id yaz
fbref,player,mezian soares,Mezian Soares,born=2009 club_id=209 best_score=0.67,,players.id yaz
fbref,player,morgan guilavogui,Morgan Guilavogui,born=1998 club_id=209 best_score=0.14,,players.id yaz
fbref,player,igor carioca,Igor Carioca,born=1996 club_id=38 best_score=0.57,,players.id yaz
fbref,player,souleymane toure,Souleymane Touré,born=2003 club_id=38 best_score=0.59,,players.id yaz
fbref,player,adam karabec,Adam Karabec,born=2003 club_id=19 best_score=0.26,,players.id yaz
fbref,player,pavel sulc,Pavel Šulc,born=2000 club_id=19 best_score=0.35,,players.id yaz
fbref,player,roman yaremchuk,Roman Yaremchuk,born=1995 club_id=19 best_score=0.47,,players.id yaz
fbref,player,emmanuel lago,Emmanuel Lago,born=2004 club_id=97 best_score=0.73,,players.id yaz
fbref,player,ugo lamare,Ugo Lamare,born=2007 club_id=97 best_score=0.67,,players.id yaz
fbref,player,george ilenikhena,George Ilenikhena,born=2006 club_id=73 best_score=0.29,,players.id yaz
fbref,player,ilane toure,Ilane Touré,born=2006 club_id=73 best_score=0.52,,players.id yaz
fbref,player,pape cabral,Pape Cabral,born=2007 club_id=73 best_score=0.32,,players.id yaz
fbref,player,ali yousuf,Ali Yousuf,born=2001 club_id=227 best_score=0.86,,players.id yaz
fbref,player,amady camara,Amady Camara,born=2005 club_id=227 best_score=0.31,,players.id yaz
fbref,player,dehmaine assoumani,Dehmaine Assoumani,born=2005 club_id=227 best_score=0.71,,players.id yaz
fbref,player,hong hyunseok,Hong Hyunseok,born=1999 club_id=227 best_score=0.31,,players.id yaz
fbref,player,kwon hyeokkyu,Kwon Hyeokkyu,born=2001 club_id=227 best_score=0.59,,players.id yaz
fbref,player,remy cabella,Rémy Cabella,born=1990 club_id=227 best_score=0.48,,players.id yaz
fbref,player,bernard nguene,Bernard Nguene,born=2006 club_id=155 best_score=0.53,,players.id yaz
fbref,player,charles vanhoutte,Charles Vanhoutte,born=1998 club_id=155 best_score=0.19,,players.id yaz
fbref,player,kevin carlos,Kevin Carlos,born=2001 club_id=155 best_score=0.33,,players.id yaz
fbref,player,felix lemarechal,Félix Lemaréchal,born=2003 club_id=190 best_score=0.52,,players.id yaz
fbref,player,lucas hogsberg,Lucas Høgsberg,born=2006 club_id=190 best_score=0.38,,players.id yaz
fbref,player,rafael goncalves,Rafael Gonçalves,born=2005 club_id=190 best_score=0.67,,players.id yaz
fbref,player,francis abu,Francis Abu,born=2001 club_id=153 best_score=0.38,,players.id yaz
fbref,player,rodrigo ribeiro,Rodrigo Ribeiro,born=2005 club_id=75 best_score=0.40,,players.id yaz
fbref,player,samuel essende,Samuel Essende,born=1998 club_id=75 best_score=0.36,,players.id yaz
fbref,player,aurelio buta,Aurélio Buta,born=1997 club_id=95 best_score=0.50,,players.id yaz
fbref,player,jessic ngankam,Jessic Ngankam,born=2000 club_id=95 best_score=0.39,,players.id yaz
fbref,player,giorgi gocholeishvili,Giorgi Gocholeishvili,born=2001 club_id=150 best_score=0.28,,players.id yaz
fbref,player,alessio castro montes,Alessio Castro-Montes,born=1997 club_id=116 best_score=0.32,,players.id yaz
fbref,player,ernest poku,Ernest Poku,born=2004 club_id=66 best_score=0.40,,players.id yaz
fbref,player,tim oermann,Tim Oermann,born=2003 club_id=66 best_score=0.24,,players.id yaz
fbref,player,fabio moreno fell,Fabio Moreno Fell,born=2000 club_id=141 best_score=0.36,,players.id yaz
fbref,player,william boving,William Bøving,born=2003 club_id=141 best_score=0.44,,players.id yaz
fbref,player,james sands,James Sands,born=2000 club_id=127 best_score=0.21,,players.id yaz
fbref,player,mathias rasmussen,Mathias Rasmussen,born=1997 club_id=127 best_score=0.30,,players.id yaz
fbref,player,abdoul coulibaly,Abdoul Coulibaly,born=2007 club_id=212 best_score=0.71,,players.id yaz
fbref,player,adam daghim,Adam Daghim,born=2005 club_id=206 best_score=0.27,,players.id yaz
fbref,player,andreas skov olsen,Andreas Skov Olsen,born=1999 club_id=206 best_score=0.41,,players.id yaz
fbref,player,jonas adjetey,Jonas Adjetey,born=2003 club_id=206 best_score=0.32,,players.id yaz
fbref,player,kento shiogai,Kento Shiogai,born=2005 club_id=206 best_score=0.42,,players.id yaz
fbref,player,joao mario lopes,João Mário Lopes,born=2000 club_id=14 best_score=0.40,,players.id yaz
fbref,player,franco vazquez,Franco Vázquez,born=1989 club_id=85 best_score=0.33,,players.id yaz
fbref,player,oliver christensen,Oliver Christensen,born=1999 club_id=160 best_score=0.33,,players.id yaz
fbref,player,pablo mari,Pablo Marí,born=1993 club_id=160 best_score=0.24,,players.id yaz
fbref,player,amorim,Amorim,born=2005 club_id=100 best_score=0.30,,players.id yaz
fbref,player,justin bijlow,Justin Bijlow,born=1998 club_id=100 best_score=0.38,,players.id yaz
fbref,player,valentin carboni,Valentin Carboni,born=2005 club_id=100 best_score=0.40,,players.id yaz
fbref,player,andrias edmundsson,Andrias Edmundsson,born=2000 club_id=106 best_score=0.32,,players.id yaz
fbref,player,kieron bowie,Kieron Bowie,born=2002 club_id=106 best_score=0.40,,players.id yaz
fbref,player,rafik belghali,Rafik Belghali,born=2002 club_id=106 best_score=0.40,,players.id yaz
fbref,player,yellu santiago,Yellu Santiago,born=2004 club_id=106 best_score=0.37,,players.id yaz
fbref,player,oliver nielsen,Oliver Nielsen,born=2003 club_id=144 best_score=0.50,,players.id yaz
fbref,player,kialonda,Kialonda,born=1997 club_id=12 best_score=0.32,,players.id yaz
fbref,player,cheveyo muy,Cheveyo Muy,born=2006 club_id=168 best_score=0.57,,players.id yaz
fbref,player,gabriel strefezza,Gabriel Strefezza,born=1997 club_id=52 best_score=0.55,,players.id yaz
fbref,player,milan duric,Milan Đurić,born=1990 club_id=52 best_score=0.21,,players.id yaz
fbref,player,oliver jensen,Oliver Jensen,born=2002 club_id=52 best_score=0.36,,players.id yaz
fbref,player,sascha britschgi,Sascha Britschgi,born=2006 club_id=52 best_score=0.39,,players.id yaz
fbref,player,filip stojilkovic,Filip Stojilković,born=2000 club_id=157 best_score=0.47,,players.id yaz
fbref,player,lorran,Lorran,born=2006 club_id=157 best_score=0.25,,players.id yaz
fbref,player,rosen bozhinov,Rosen Bozhinov,born=2005 club_id=157 best_score=0.32,,players.id yaz
fbref,player,obite n dicka,Obite N'Dicka,born=1999 club_id=43 best_score=0.67,,players.id yaz
fbref,player,adam buksa,Adam Buksa,born=1996 club_id=151 best_score=0.36,,players.id yaz
fbref,player,senne lammens,Senne Lammens,born=2002 club_id=224 best_score=0.35,,players.id yaz
fbref,player,jhon arias,Jhon Arias,born=1997 club_id=174 best_score=0.43,,players.id yaz
fbref,player,pedro lima,Pedro Lima,born=2006 club_id=174 best_score=0.45,,players.id yaz
fbref,player,sasa kalajdzic,Saša Kalajdžić,born=1997 club_id=174 best_score=0.39,,players.id yaz
fbref,player,tolu arokodare,Tolu Arokodare,born=2000 club_id=174 best_score=0.29,,players.id yaz
fbref,player,alexander legendre,Alexander Legendre,born=2008 club_id=105 best_score=0.49,,players.id yaz
fbref,player,musa al taamari,Musa Al-Taamari,born=1997 club_id=105 best_score=0.81,,players.id yaz
fbref,player,charles herrmann,Charles Herrmann,born=2006 club_id=77 best_score=0.22,,players.id yaz
understat,club,5|brest,Brest,league_id=5 best_score=0.55,142,elle dogrulandi 2026-08-18
understat,club,5|rennes,Rennes,league_id=5 best_score=0.67,105,elle dogrulandi 2026-08-18
understat,club,4|borussia m gladbach,Borussia M.Gladbach,league_id=4 best_score=0.84,77,elle dogrulandi 2026-08-18
understat,club,4|fc cologne,FC Cologne,league_id=4 best_score=0.46,116,elle dogrulandi 2026-08-18
understat,club,4|rasenballsport leipzig,RasenBallsport Leipzig,league_id=4 best_score=0.62,94,elle dogrulandi 2026-08-18
understat,club,2|verona,Verona,league_id=2 best_score=0.63,106,elle dogrulandi 2026-08-18
understat,player,8864,Matthew Cash,born=None club_id=148 best_score=0.82,,players.id yaz
understat,player,12168,Alejandro Jiménez,born=None club_id=225 best_score=0.52,,players.id yaz
understat,player,11231,Ben Doak,born=None club_id=225 best_score=0.55,,players.id yaz
understat,player,6986,Hamed Junior Traore,born=None club_id=225 best_score=0.56,,players.id yaz
understat,player,14356,Kaye Furo,born=None club_id=37 best_score=0.50,,players.id yaz
understat,player,9451,Chimuanya Ugochukwu,born=None club_id=34 best_score=0.63,,players.id yaz
understat,player,13726,Oliver Sonne,born=None club_id=34 best_score=0.62,,players.id yaz
understat,player,9024,Yeremi Pino,born=None club_id=215 best_score=0.55,,players.id yaz
understat,player,900,Adama Traoré,born=None club_id=220 best_score=0.50,,players.id yaz
understat,player,14030,Kevin,born=None club_id=220 best_score=0.43,,players.id yaz
understat,player,987,Joseph Gomez,born=None club_id=118 best_score=0.86,,players.id yaz
understat,player,12203,Treymaurice Nyoni,born=None club_id=118 best_score=0.74,,players.id yaz
understat,player,8094,Mathis Cherki,born=None club_id=107 best_score=0.64,,players.id yaz
understat,player,11735,Sávio,born=None club_id=107 best_score=0.83,,players.id yaz
understat,player,14056,Senne Lammens,born=None club_id=224 best_score=0.58,,players.id yaz
understat,player,9512,Valentino Livramento,born=None club_id=201 best_score=0.86,,players.id yaz
understat,player,8056,Arnaud Kalimuendo Muinga,born=None club_id=195 best_score=0.39,,players.id yaz
understat,player,2958,Oleksandr Zinchenko,born=None club_id=195 best_score=0.50,,players.id yaz
understat,player,8786,Stefan Ortega Moreno,born=None club_id=195 best_score=0.45,,players.id yaz
understat,player,14424,Nilson Angulo,born=None club_id=109 best_score=0.54,,players.id yaz
understat,player,9332,Dane Scarlett,born=None club_id=65 best_score=0.72,,players.id yaz
understat,player,12774,Andy Irving,born=None club_id=137 best_score=0.83,,players.id yaz
understat,player,7332,Max Kilman,born=None club_id=137 best_score=0.74,,players.id yaz
understat,player,6935,Naif Aguerd,born=None club_id=137 best_score=0.58,,players.id yaz
understat,player,10948,Valentín Castellanos,born=None club_id=137 best_score=0.78,,players.id yaz
understat,player,13200,Fernando López,born=None club_id=174 best_score=0.52,,players.id yaz
understat,player,13741,Jhon Arias,born=None club_id=174 best_score=0.52,,players.id yaz
understat,player,13156,Pedro Lima,born=None club_id=174 best_score=0.48,,players.id yaz
understat,player,8812,Sasa Kalajdzic,born=None club_id=174 best_score=0.41,,players.id yaz
understat,player,8875,Tolu Arokodare,born=None club_id=174 best_score=0.50,,players.id yaz
understat,player,11825,Abderrahmane Rebbach,born=None club_id=30 best_score=0.75,,players.id yaz
understat,player,11826,Carlos Benavídez,born=None club_id=30 best_score=0.67,,players.id yaz
understat,player,14465,Ibrahim Diabate,born=None club_id=30 best_score=0.44,,players.id yaz
understat,player,7613,Moussa Diarra,born=None club_id=30 best_score=0.52,,players.id yaz
understat,player,14519,Ville Koski,born=None club_id=30 best_score=0.41,,players.id yaz
understat,player,13278,Youssef Lekhedim,born=None club_id=30 best_score=0.62,,players.id yaz
understat,player,2278,Giménez,born=None club_id=51 best_score=0.67,,players.id yaz
understat,player,7074,Nicolás González,born=None club_id=51 best_score=0.69,,players.id yaz
understat,player,2379,João Cancelo,born=None club_id=53 best_score=0.55,,players.id yaz
understat,player,14205,Tomás Marqués,born=None club_id=53 best_score=0.85,,players.id yaz
understat,player,9805,Álex Balde,born=None club_id=53 best_score=0.72,,players.id yaz
understat,player,13200,Fernando López,born=None club_id=221 best_score=0.83,,players.id yaz
understat,player,14013,Adam El Mokhtari,born=None club_id=70 best_score=0.59,,players.id yaz
understat,player,6750,Gonzalo Villar,born=None club_id=70 best_score=0.74,,players.id yaz
understat,player,11617,Yago Alonso,born=None club_id=70 best_score=0.58,,players.id yaz
understat,player,9297,Abdelkabir Abqar,born=None club_id=136 best_score=0.81,,players.id yaz
understat,player,13047,Coba da Costa,born=None club_id=136 best_score=0.52,,players.id yaz
understat,player,14388,Luis Vázquez,born=None club_id=136 best_score=0.55,,players.id yaz
understat,player,14387,Zaid Romero,born=None club_id=136 best_score=0.50,,players.id yaz
understat,player,14089,Lancinet Kourouma,born=None club_id=46 best_score=0.73,,players.id yaz
understat,player,10319,Adrián De la Fuente,born=None club_id=125 best_score=0.73,,players.id yaz
understat,player,2385,Mat Ryan,born=None club_id=125 best_score=0.84,,players.id yaz
understat,player,9424,Pablo Cuñat,born=None club_id=125 best_score=0.73,,players.id yaz
understat,player,14397,Tai Abed,born=None club_id=125 best_score=0.88,,players.id yaz
understat,player,14059,Alemão,born=None club_id=134 best_score=0.59,,players.id yaz
understat,player,10095,Abdessamad Ezzalzouli,born=None club_id=67 best_score=0.83,,players.id yaz
understat,player,527,Adrián,born=None club_id=67 best_score=0.60,,players.id yaz
understat,player,6955,Ezequiel Ávila,born=None club_id=67 best_score=0.56,,players.id yaz
understat,player,6954,Juan Camilo Hernández,born=None club_id=67 best_score=0.72,,players.id yaz
understat,player,14440,Álvaro Fidalgo,born=None club_id=67 best_score=0.67,,players.id yaz
understat,player,13543,Valde,born=None club_id=158 best_score=0.47,,players.id yaz
understat,player,10576,Álvaro Fernández,born=None club_id=158 best_score=0.71,,players.id yaz
understat,player,813,Salomón Rondón,born=None club_id=99 best_score=0.44,,players.id yaz
understat,player,9241,Alfon,born=None club_id=135 best_score=0.47,,players.id yaz
understat,player,7981,Nianzou Kouassi,born=None club_id=135 best_score=0.48,,players.id yaz
understat,player,13761,Filip Ugrinic,born=None club_id=22 best_score=0.48,,players.id yaz
understat,player,11900,Lucas Beltrán,born=None club_id=22 best_score=0.58,,players.id yaz
understat,player,11834,Adrià Alti,born=None club_id=24 best_score=0.83,,players.id yaz
understat,player,14396,Alexander Freeman,born=None club_id=24 best_score=0.83,,players.id yaz
understat,player,11494,Justin-Noel Kalumba,born=None club_id=60 best_score=0.47,,players.id yaz
understat,player,8287,Mbwana Samatta,born=None club_id=198 best_score=0.69,,players.id yaz
understat,player,1734,Sofiane Boufal,born=None club_id=198 best_score=0.53,,players.id yaz
understat,player,7649,Younes Namli,born=None club_id=198 best_score=0.50,,players.id yaz
understat,player,101,Allan Saint-Maximin,born=None club_id=209 best_score=0.56,,players.id yaz
understat,player,14608,Mezian Soares,born=None club_id=209 best_score=0.67,,players.id yaz
understat,player,11762,Morgan Guilavogui,born=None club_id=209 best_score=0.53,,players.id yaz
understat,player,11142,Pierre Ganiou,born=None club_id=209 best_score=0.67,,players.id yaz
understat,player,13734,Adam Karabec,born=None club_id=19 best_score=0.50,,players.id yaz
understat,player,13735,Pavel Sulc,born=None club_id=19 best_score=0.48,,players.id yaz
understat,player,12041,Roman Yaremchuk,born=None club_id=19 best_score=0.47,,players.id yaz
understat,player,6935,Naif Aguerd,born=None club_id=97 best_score=0.87,,players.id yaz
understat,player,8686,Cheick Tidiane Sabaly,born=None club_id=126 best_score=0.71,,players.id yaz
understat,player,7967,Anssumane Fati,born=None club_id=73 best_score=0.78,,players.id yaz
understat,player,10771,Ben Seghir,born=None club_id=73 best_score=0.44,,players.id yaz
understat,player,12804,George Ilenikhena,born=None club_id=73 best_score=0.47,,players.id yaz
understat,player,14293,Ilane Touré,born=None club_id=73 best_score=0.52,,players.id yaz
understat,player,14098,Pape Cabral,born=None club_id=73 best_score=0.61,,players.id yaz
understat,player,12426,Stanis Idumbo Muzambo,born=None club_id=73 best_score=0.50,,players.id yaz
understat,player,13828,Amady Camara,born=None club_id=227 best_score=0.48,,players.id yaz
understat,player,12387,Dehmaine Assoumani,born=None club_id=227 best_score=0.71,,players.id yaz
understat,player,13016,Hong Hyun-Seok,born=None club_id=227 best_score=0.42,,players.id yaz
understat,player,3785,Kelvin Adou,born=None club_id=227 best_score=0.70,,players.id yaz
understat,player,3390,Rémy Cabella,born=None club_id=227 best_score=0.56,,players.id yaz
understat,player,13281,Bernard Nguene,born=None club_id=155 best_score=0.53,,players.id yaz
understat,player,14031,Charles Vanhoutte,born=None club_id=155 best_score=0.48,,players.id yaz
understat,player,8768,Kevin Omoruyi,born=None club_id=155 best_score=0.61,,players.id yaz
understat,player,9563,Mamadou Mbow,born=None club_id=10 best_score=0.62,,players.id yaz
understat,player,10057,Felix Lemarechal,born=None club_id=190 best_score=0.71,,players.id yaz
understat,player,10485,Guemissongui Ouattara,born=None club_id=190 best_score=0.56,,players.id yaz
understat,player,13817,Lucas Høgsberg,born=None club_id=190 best_score=0.41,,players.id yaz
understat,player,14049,Abu Francis,born=None club_id=153 best_score=0.46,,players.id yaz
understat,player,12418,Rodrigo Ribeiro,born=None club_id=75 best_score=0.48,,players.id yaz
understat,player,12922,Samuel Essende,born=None club_id=75 best_score=0.46,,players.id yaz
understat,player,13857,Ernest Poku,born=None club_id=66 best_score=0.52,,players.id yaz
understat,player,14008,Ezequiél Fernández,born=None club_id=66 best_score=0.88,,players.id yaz
understat,player,10862,Tim Oermann,born=None club_id=66 best_score=0.50,,players.id yaz
understat,player,11866,Álex Grimaldo,born=None club_id=66 best_score=0.77,,players.id yaz
understat,player,5243,Dayotchanculle Upamecano,born=None club_id=103 best_score=0.77,,players.id yaz
understat,player,11311,Aurélio Buta,born=None club_id=95 best_score=0.58,,players.id yaz
understat,player,10830,Jean Négoce,born=None club_id=95 best_score=0.50,,players.id yaz
understat,player,8396,Jessic Ngankam,born=None club_id=95 best_score=0.50,,players.id yaz
understat,player,9182,Sepe Elye Wahi,born=None club_id=95 best_score=0.52,,players.id yaz
understat,player,9201,Eren Sami Dinkci,born=None club_id=83 best_score=0.41,,players.id yaz
understat,player,13921,Giorgi Gocholeishvili,born=None club_id=150 best_score=0.40,,players.id yaz
understat,player,9731,Guilherme Ramos,born=None club_id=150 best_score=0.75,,players.id yaz
understat,player,14164,Fabio Moreno Fell,born=None club_id=141 best_score=0.43,,players.id yaz
understat,player,14022,William Bøving,born=None club_id=141 best_score=0.47,,players.id yaz
understat,player,13325,James Sands,born=None club_id=127 best_score=0.52,,players.id yaz
understat,player,14390,Mathias Rasmussen,born=None club_id=127 best_score=0.59,,players.id yaz
understat,player,7937,Julian Chabot,born=None club_id=203 best_score=0.67,,players.id yaz
understat,player,14024,Adam Daghim,born=None club_id=206 best_score=0.56,,players.id yaz
understat,player,7934,Andreas Skov Olsen,born=None club_id=206 best_score=0.44,,players.id yaz
understat,player,14419,Jonas Adjetey,born=None club_id=206 best_score=0.61,,players.id yaz
understat,player,14371,Kento Shiogai,born=None club_id=206 best_score=0.53,,players.id yaz
understat,player,10872,Vinicius Souza,born=None club_id=206 best_score=0.83,,players.id yaz
understat,player,12168,Alejandro Jiménez,born=None club_id=168 best_score=0.76,,players.id yaz
understat,player,13970,Cheveyo Mul,born=None club_id=168 best_score=0.64,,players.id yaz
understat,player,6706,Ndary Adopo,born=None club_id=55 best_score=0.52,,players.id yaz
understat,player,10380,Zito,born=None club_id=55 best_score=0.35,,players.id yaz
understat,player,12030,Tasos Douvikas,born=None club_id=20 best_score=0.85,,players.id yaz
understat,player,1836,Franco Vázquez,born=None club_id=85 best_score=0.50,,players.id yaz
understat,player,9992,Oliver Christensen,born=None club_id=160 best_score=0.48,,players.id yaz
understat,player,8380,Pablo Marí,born=None club_id=160 best_score=0.61,,players.id yaz
understat,player,14426,Alex Amorim,born=None club_id=100 best_score=0.57,,players.id yaz
understat,player,14380,Justin Bijlow,born=None club_id=100 best_score=0.46,,players.id yaz
understat,player,11080,Valentín Carboni,born=None club_id=100 best_score=0.58,,players.id yaz
understat,player,14563,Wedtoin Ouedraogo,born=None club_id=100 best_score=0.75,,players.id yaz
understat,player,10948,Valentín Castellanos,born=None club_id=144 best_score=0.51,,players.id yaz
understat,player,6434,Franck Zambo,born=None club_id=183 best_score=0.57,,players.id yaz
understat,player,7944,Gabriel Strefezza,born=None club_id=52 best_score=0.58,,players.id yaz
understat,player,9447,Niakhate Ndiaye,born=None club_id=52 best_score=0.65,,players.id yaz
understat,player,13949,Oliver Sørensen,born=None club_id=52 best_score=0.47,,players.id yaz
understat,player,13980,Sascha Britschgi,born=None club_id=52 best_score=0.52,,players.id yaz
understat,player,11921,Filip Stojilkovic,born=None club_id=157 best_score=0.47,,players.id yaz
understat,player,14046,Lorran,born=None club_id=157 best_score=0.44,,players.id yaz
understat,player,14350,Rosen Bozhinov,born=None club_id=157 best_score=0.46,,players.id yaz
understat,player,7482,Kouadio Kone,born=None club_id=43 best_score=0.57,,players.id yaz
understat,player,8383,Faustino Anjorin,born=None club_id=154 best_score=0.86,,players.id yaz
understat,player,11102,Adam Buksa,born=None club_id=151 best_score=0.57,,players.id yaz
understat,player,13811,Idrissa Gueye,born=None club_id=151 best_score=0.50,,players.id yaz
understat,player,11061,Michel Diaz,born=None club_id=142 best_score=0.55,,players.id yaz
understat,player,13024,Serigne Diop,born=None club_id=142 best_score=0.61,,players.id yaz
understat,player,13210,Mohamed Meïté,born=None club_id=105 best_score=0.67,,players.id yaz
understat,player,13621,Charles Herrmann,born=None club_id=77 best_score=0.62,,players.id yaz
understat,player,14025,Alessio Castro-Montes,born=None club_id=116 best_score=0.44,,players.id yaz
understat,player,6708,Bote Baku,born=None club_id=94 best_score=0.63,,players.id yaz
understat,player,13423,Al Musrati,born=None club_id=106 best_score=0.63,,players.id yaz
understat,player,14416,Andrias Edmundsson,born=None club_id=106 best_score=0.53,,players.id yaz
understat,player,10561,Jesús Santiago,born=None club_id=106 best_score=0.56,,players.id yaz
understat,player,14417,Kieron Bowie,born=None club_id=106 best_score=0.52,,players.id yaz
understat,player,13962,Rafik Belghali,born=None club_id=106 best_score=0.47,,players.id yaz
fbref,club,64|fortuna sittard,Fortuna Sittard,league_id=64 best_score=0.70,1181,elle dogrulandi 2026-08-19
fbref,club,64|sparta r,Sparta R.,league_id=64 best_score=0.67,1257,elle dogrulandi 2026-08-19
fbref,player,yoon doyong,Yoon Doyong,born=2006 club_id=1435 best_score=0.33,,players.id yaz
fbref,player,key wong a soijj,Key Wong-A-Soijj,born=2006 club_id=1415 best_score=0.81,,players.id yaz
fbref,club,47|austria wien,Austria Wien,league_id=47 best_score=0.85,862,elle dogrulandi 2026-08-19
fbref,club,47|rb salzburg,RB Salzburg,league_id=47 best_score=0.54,1208,elle dogrulandi 2026-08-19
fbref,club,47|rz pellets wac,RZ Pellets WAC,league_id=47 best_score=0.35,1239,elle dogrulandi 2026-08-19
fbref,club,47|rapid wien,Rapid Wien,league_id=47 best_score=0.82,911,elle dogrulandi 2026-08-19
fbref,club,50|club brugge,Club Brugge,league_id=50 best_score=0.80,970,elle dogrulandi 2026-08-19
fbref,club,50|oh leuven,OH Leuven,league_id=50 best_score=0.64,1049,elle dogrulandi 2026-08-19
fbref,club,50|sint truiden,Sint-Truiden,league_id=50 best_score=0.83,1260,elle dogrulandi 2026-08-19
fbref,club,50|union sg,Union SG,league_id=50 best_score=0.57,1189,elle dogrulandi 2026-08-19
fbref,club,67|vit guimaraes,Vit. Guimarães,league_id=67 best_score=0.87,999,elle dogrulandi 2026-08-19
fbref,club,72|hearts,Hearts,league_id=72 best_score=0.46,1230,elle dogrulandi 2026-08-19
fbref,player,alemao,Alemão,born=2002 club_id=1217 best_score=0.25,,players.id yaz
fbref,player,joshua bethume,Joshua Bethume,born=2009 club_id=1313 best_score=0.48,,players.id yaz
fbref,player,oh hyeon gyu,Oh Hyeon-gyu,born=2001 club_id=819 best_score=0.22,,players.id yaz
fbref,player,dario fuentes,Darío Fuentes,born=2003 club_id=1185 best_score=0.71,,players.id yaz
fbref,player,goh youngjun,Goh Youngjun,born=2001 club_id=1226 best_score=0.13,,players.id yaz
fbref,player,guilherme serrao,Guilherme Serrão,born=2003 club_id=975 best_score=0.14,,players.id yaz
fbref,player,antonio cortes,Antonio Cortés,born=2000 club_id=1338 best_score=0.57,,players.id yaz
fbref,player,costas soteriou,Costas Soteriou,born=1996 club_id=1338 best_score=0.72,,players.id yaz
fbref,player,wahan biczachczian,Wahan Biczachczian,born=1999 club_id=1022 best_score=0.72,,players.id yaz
fbref,player,fabio conceicao,Fábio Conceição,born=2001 club_id=1140 best_score=0.71,,players.id yaz
fbref,player,mini,Mini,born=1999 club_id=899 best_score=0.25,,players.id yaz
fbref,player,hierman barkouski,Hierman Barkoŭski,born=2002 club_id=1339 best_score=0.82,,players.id yaz
fbref,player,eric ouma,Eric Ouma,born=1996 club_id=1500 best_score=0.57,,players.id yaz
fbref,player,mohamed lamine diaby,Mohamed Lamine Diaby,born=2001 club_id=1500 best_score=0.62,,players.id yaz
fbref,player,jime,Jime,born=1999 club_id=954 best_score=0.47,,players.id yaz
fbref,player,carlos ponck,Carlos Ponck,born=1995 club_id=790 best_score=0.21,,players.id yaz
fbref,player,christian neiva afonso,Christian Neiva Afonso,born=1994 club_id=790 best_score=0.35,,players.id yaz
fbref,player,tiago galletto,Tiago Galletto,born=2002 club_id=790 best_score=0.55,,players.id yaz
fbref,player,lee hyunju,Lee Hyunju,born=2003 club_id=1440 best_score=0.57,,players.id yaz
fbref,player,manuel manu,Manuel Manu,born=2001 club_id=1078 best_score=0.57,,players.id yaz
fbref,player,antonio gil,António Gil,born=2008 club_id=775 best_score=0.36,,players.id yaz
fbref,player,abdu dafe,Abdu Dafe,born=None club_id=1113 best_score=0.63,,players.id yaz
fbref,player,larra,Larra,born=1997 club_id=1113 best_score=0.45,,players.id yaz
fbref,player,andre neves,Andre Neves,born=2004 club_id=884 best_score=0.42,,players.id yaz
fbref,player,francisco reis ferreira,Francisco Reis Ferreira,born=1997 club_id=884 best_score=0.29,,players.id yaz
fbref,player,fabio conceicao,Fábio Conceição,born=2001 club_id=1004 best_score=0.50,,players.id yaz
fbref,player,gueladan doue,Gueladan Doué,born=2005 club_id=1004 best_score=0.64,,players.id yaz
fbref,player,guilherme serrao,Guilherme Serrão,born=2003 club_id=1004 best_score=0.67,,players.id yaz
fbref,player,joao moises,João Moisés,born=2006 club_id=1004 best_score=0.55,,players.id yaz
fbref,player,tidjany chabrol,Tidjany Chabrol,born=2002 club_id=1001 best_score=0.64,,players.id yaz
fbref,player,bernardo martins,Bernardo Martins,born=1997 club_id=1506 best_score=0.52,,players.id yaz
fbref,player,fabiano souza,Fabiano Souza,born=2000 club_id=1506 best_score=0.35,,players.id yaz
fbref,player,yan lincon,Yan Lincon,born=2002 club_id=1506 best_score=0.55,,players.id yaz
fbref,player,kaique,Kaique,born=2003 club_id=1507 best_score=0.36,,players.id yaz
fbref,player,samu omorodion,Samu Omorodion,born=2004 club_id=1412 best_score=0.44,,players.id yaz
fbref,player,ze pedro figueiredo,Zé Pedro Figueiredo,born=1997 club_id=1412 best_score=0.26,,players.id yaz
fbref,player,andre inacio,André Inácio,born=2002 club_id=1003 best_score=0.43,,players.id yaz
fbref,player,anthony carter,Anthony Carter,born=1994 club_id=1000 best_score=0.32,,players.id yaz
fbref,player,isaac,Isaac,born=2004 club_id=1000 best_score=0.30,,players.id yaz
fbref,player,ney bahia,Ney Bahia,born=2004 club_id=1000 best_score=0.43,,players.id yaz
fbref,player,clebinho,Clebinho,born=1997 club_id=1409 best_score=0.43,,players.id yaz
fbref,player,hugo sequeira,Hugo Sequeira,born=2004 club_id=1409 best_score=0.61,,players.id yaz
fbref,player,xabier huarte armendariz,Xabier Huarte Armendáriz,born=2001 club_id=1409 best_score=0.63,,players.id yaz
fbref,player,amar ahmed,Amar Ahmed,born=2004 club_id=892 best_score=0.70,,players.id yaz
fbref,player,lautaro gianetti,Lautaro Gianetti,born=1993 club_id=176 best_score=0.42,,players.id yaz
fbref,player,joao mario,João Mário,born=1993 club_id=35 best_score=0.30,,players.id yaz
fbref,player,ilter tashkin,Ilter Tashkin,born=1994 club_id=197 best_score=0.40,,players.id yaz
fbref,player,ederson moraes,Ederson Moraes,born=1993 club_id=132 best_score=0.52,,players.id yaz
fbref,player,nene dorgeles,Nene Dorgeles,born=2002 club_id=132 best_score=0.24,,players.id yaz
fbref,player,furkan ayaz,Furkan Ayaz,born=2009 club_id=207 best_score=0.38,,players.id yaz
fbref,player,novatus dismas,Novatus Dismas,born=2002 club_id=64 best_score=0.69,,players.id yaz
fbref,player,abdul kone,Abdul Kone,born=2007 club_id=189 best_score=0.57,,players.id yaz
fbref,player,enes seven,Enes Seven,born=2007 club_id=88 best_score=0.36,,players.id yaz
fbref,player,jo jinho,Jo Jinho,born=2003 club_id=88 best_score=0.59,,players.id yaz
fbref,player,xusniddin aliqulov,Xusniddin Aliqulov,born=1999 club_id=49 best_score=0.86,,players.id yaz
fbref,player,arsenii batahov,Arsenii Batahov,born=2002 club_id=163 best_score=0.87,,players.id yaz
fbref,player,ezequiel fernandez,Ezequiél Fernández,born=2002 club_id=66 best_score=0.88,,players.id yaz
fbref,player,francesco esposito,Francesco Esposito,born=2005 club_id=165 best_score=0.67,,players.id yaz
understat,player,13206,Matt O&#039;Riley,born=None club_id=47 best_score=0.52,,players.id yaz
understat,player,13206,Matt O&#039;Riley,born=None club_id=47 best_score=0.52,,players.id yaz
understat,player,13206,Matt O&#039;Riley,born=None club_id=47 best_score=0.52,,players.id yaz
understat,player,13206,Matt O&#039;Riley,born=None club_id=47 best_score=0.52,,players.id yaz
understat,player,12721,Ladislav Krejcí,born=None club_id=174 best_score=0.44,,players.id yaz
understat,player,12721,Ladislav Krejcí,born=None club_id=174 best_score=0.44,,players.id yaz
understat,player,12721,Ladislav Krejcí,born=None club_id=174 best_score=0.44,,players.id yaz
understat,player,12721,Ladislav Krejcí,born=None club_id=174 best_score=0.44,,players.id yaz
understat,player,12721,Ladislav Krejcí,born=None club_id=174 best_score=0.44,,players.id yaz
understat,player,12721,Ladislav Krejcí,born=None club_id=174 best_score=0.44,,players.id yaz
understat,player,12721,Ladislav Krejcí,born=None club_id=174 best_score=0.44,,players.id yaz
understat,player,12721,Ladislav Krejcí,born=None club_id=174 best_score=0.44,,players.id yaz
understat,player,12721,Ladislav Krejcí,born=None club_id=174 best_score=0.44,,players.id yaz
understat,player,12721,Ladislav Krejcí,born=None club_id=174 best_score=0.44,,players.id yaz
understat,player,12721,Ladislav Krejcí,born=None club_id=174 best_score=0.44,,players.id yaz
understat,player,12721,Ladislav Krejcí,born=None club_id=174 best_score=0.44,,players.id yaz
understat,player,12721,Ladislav Krejcí,born=None club_id=174 best_score=0.44,,players.id yaz
understat,player,12721,Ladislav Krejcí,born=None club_id=174 best_score=0.44,,players.id yaz
understat,player,12721,Ladislav Krejcí,born=None club_id=174 best_score=0.44,,players.id yaz
understat,player,12721,Ladislav Krejcí,born=None club_id=174 best_score=0.44,,players.id yaz
understat,player,12721,Ladislav Krejcí,born=None club_id=174 best_score=0.44,,players.id yaz
understat,player,12721,Ladislav Krejcí,born=None club_id=174 best_score=0.44,,players.id yaz
understat,player,12721,Ladislav Krejcí,born=None club_id=174 best_score=0.44,,players.id yaz
understat,player,12721,Ladislav Krejcí,born=None club_id=174 best_score=0.44,,players.id yaz
understat,player,12721,Ladislav Krejcí,born=None club_id=174 best_score=0.44,,players.id yaz
understat,player,12721,Ladislav Krejcí,born=None club_id=174 best_score=0.44,,players.id yaz
understat,player,10930,Etta Eyong,born=None club_id=24 best_score=0.43,,players.id yaz
understat,player,10930,Etta Eyong,born=None club_id=24 best_score=0.43,,players.id yaz
understat,player,10930,Etta Eyong,born=None club_id=24 best_score=0.43,,players.id yaz
understat,player,10930,Etta Eyong,born=None club_id=24 best_score=0.43,,players.id yaz
understat,player,10930,Etta Eyong,born=None club_id=24 best_score=0.43,,players.id yaz
understat,player,10930,Etta Eyong,born=None club_id=24 best_score=0.43,,players.id yaz
understat,player,10930,Etta Eyong,born=None club_id=24 best_score=0.43,,players.id yaz
understat,player,14413,Wesley,born=None club_id=192 best_score=0.35,,players.id yaz
understat,player,6436,Stanley N&#039;Soki,born=None club_id=216 best_score=0.84,,players.id yaz
understat,player,6436,Stanley N&#039;Soki,born=None club_id=216 best_score=0.84,,players.id yaz
understat,player,6436,Stanley N&#039;Soki,born=None club_id=216 best_score=0.84,,players.id yaz
understat,player,9018,M&#039;Bala Nzola,born=None club_id=157 best_score=0.40,,players.id yaz
understat,player,9018,M&#039;Bala Nzola,born=None club_id=157 best_score=0.40,,players.id yaz
understat,player,9018,M&#039;Bala Nzola,born=None club_id=157 best_score=0.40,,players.id yaz
understat,player,9018,M&#039;Bala Nzola,born=None club_id=157 best_score=0.40,,players.id yaz
understat,player,9018,M&#039;Bala Nzola,born=None club_id=157 best_score=0.40,,players.id yaz
understat,player,9018,M&#039;Bala Nzola,born=None club_id=157 best_score=0.40,,players.id yaz
understat,player,9018,M&#039;Bala Nzola,born=None club_id=157 best_score=0.40,,players.id yaz
understat,player,9018,M&#039;Bala Nzola,born=None club_id=157 best_score=0.40,,players.id yaz
understat,player,9018,M&#039;Bala Nzola,born=None club_id=157 best_score=0.40,,players.id yaz
understat,player,9018,M&#039;Bala Nzola,born=None club_id=157 best_score=0.40,,players.id yaz
understat,player,9018,M&#039;Bala Nzola,born=None club_id=157 best_score=0.40,,players.id yaz
understat,player,9018,M&#039;Bala Nzola,born=None club_id=157 best_score=0.40,,players.id yaz
understat,player,9018,M&#039;Bala Nzola,born=None club_id=157 best_score=0.40,,players.id yaz
understat,player,9018,M&#039;Bala Nzola,born=None club_id=157 best_score=0.40,,players.id yaz
understat,player,9018,M&#039;Bala Nzola,born=None club_id=157 best_score=0.40,,players.id yaz
understat,player,9018,M&#039;Bala Nzola,born=None club_id=157 best_score=0.40,,players.id yaz
understat,player,9018,M&#039;Bala Nzola,born=None club_id=157 best_score=0.40,,players.id yaz
understat,player,9018,M&#039;Bala Nzola,born=None club_id=157 best_score=0.40,,players.id yaz
understat,player,9018,M&#039;Bala Nzola,born=None club_id=157 best_score=0.40,,players.id yaz
understat,player,9018,M&#039;Bala Nzola,born=None club_id=157 best_score=0.40,,players.id yaz
understat,player,9018,M&#039;Bala Nzola,born=None club_id=157 best_score=0.40,,players.id yaz
understat,player,9018,M&#039;Bala Nzola,born=None club_id=157 best_score=0.40,,players.id yaz
understat,player,9018,M&#039;Bala Nzola,born=None club_id=157 best_score=0.40,,players.id yaz
understat,player,9018,M&#039;Bala Nzola,born=None club_id=157 best_score=0.40,,players.id yaz
understat,player,9018,M&#039;Bala Nzola,born=None club_id=157 best_score=0.40,,players.id yaz
understat,player,9018,M&#039;Bala Nzola,born=None club_id=157 best_score=0.40,,players.id yaz
understat,player,9018,M&#039;Bala Nzola,born=None club_id=157 best_score=0.40,,players.id yaz
understat,player,9018,M&#039;Bala Nzola,born=None club_id=157 best_score=0.40,,players.id yaz
understat,player,10985,Sulemana,born=None club_id=55 best_score=0.45,,players.id yaz
understat,player,10985,Sulemana,born=None club_id=55 best_score=0.45,,players.id yaz
understat,player,13946,João Mário,born=None club_id=14 best_score=0.57,,players.id yaz
understat,player,10985,Sulemana,born=None club_id=55 best_score=0.45,,players.id yaz
understat,player,10985,Sulemana,born=None club_id=55 best_score=0.45,,players.id yaz
understat,player,10985,Sulemana,born=None club_id=55 best_score=0.45,,players.id yaz
understat,player,10985,Sulemana,born=None club_id=55 best_score=0.45,,players.id yaz
understat,player,10985,Sulemana,born=None club_id=55 best_score=0.45,,players.id yaz
understat,player,10985,Sulemana,born=None club_id=55 best_score=0.45,,players.id yaz
understat,player,13946,João Mário,born=None club_id=14 best_score=0.57,,players.id yaz
understat,player,13946,João Mário,born=None club_id=14 best_score=0.57,,players.id yaz
understat,player,10985,Sulemana,born=None club_id=55 best_score=0.45,,players.id yaz
understat,player,13946,João Mário,born=None club_id=14 best_score=0.57,,players.id yaz
understat,player,10985,Sulemana,born=None club_id=55 best_score=0.45,,players.id yaz
understat,player,10985,Sulemana,born=None club_id=55 best_score=0.45,,players.id yaz
fbref,player,lee kanghee,Lee Kanghee,born=2001 club_id=862 best_score=0.61,,players.id yaz
fbref,player,martin atemengue,Martin Atemengue,born=2003 club_id=911 best_score=0.57,,players.id yaz
fbref,player,diogo lobao,Diogo Lobão,born=2006 club_id=999 best_score=0.73,,players.id yaz
fbref,player,daniel jebbison,Daniel Jebbison,born=2003 club_id=225 best_score=0.40,,players.id yaz
fbref,player,kim jisoo,Kim Jisoo,born=2004 club_id=37 best_score=0.18,,players.id yaz
fbref,player,mason holgate,Mason Holgate,born=1996 club_id=110 best_score=0.34,,players.id yaz
fbref,player,jaden philogene bidace,Jaden Philogene Bidace,born=2002 club_id=191 best_score=0.28,,players.id yaz
fbref,player,nathan broadhead,Nathan Broadhead,born=1998 club_id=191 best_score=0.30,,players.id yaz
fbref,player,sammie szmodics,Sammie Szmodics,born=1995 club_id=191 best_score=0.26,,players.id yaz
fbref,player,diogo jota,Diogo Jota,born=1996 club_id=118 best_score=0.29,,players.id yaz
fbref,player,chidozie obi martin,Chidozie Obi-Martin,born=2007 club_id=224 best_score=0.64,,players.id yaz
fbref,player,danilo santos,Danilo Santos,born=2001 club_id=195 best_score=0.43,,players.id yaz
fbref,player,william smallbone,William Smallbone,born=2000 club_id=78 best_score=0.23,,players.id yaz
fbref,player,son heung min,Son Heung-min,born=1992 club_id=65 best_score=0.00,,players.id yaz
fbref,player,emerson palmieri,Emerson Palmieri,born=1994 club_id=137 best_score=0.43,,players.id yaz
fbref,player,michail antonio,Michail Antonio,born=1990 club_id=137 best_score=0.00,,players.id yaz
fbref,player,kike,Kiké,born=1989 club_id=30 best_score=0.10,,players.id yaz
fbref,player,john joe,John Joe,born=2003 club_id=136 best_score=0.50,,players.id yaz
fbref,player,peter gonzalez,Peter González,born=2002 club_id=136 best_score=0.50,,players.id yaz
fbref,player,kim minsu,Kim Minsu,born=2006 club_id=46 best_score=0.42,,players.id yaz
fbref,player,javier munoz,Javier Muñoz,born=1995 club_id=166 best_score=0.33,,players.id yaz
fbref,player,diego,Diego,born=2000 club_id=48 best_score=0.25,,players.id yaz
fbref,player,renato tapia,Renato Tapia,born=1995 club_id=48 best_score=0.46,,players.id yaz
fbref,player,sergi,Sergi,born=1992 club_id=48 best_score=0.47,,players.id yaz
fbref,player,diego iturralde,Diego Iturralde,born=2003 club_id=135 best_score=0.50,,players.id yaz
fbref,player,ivan jaime pajuelo,Ivan Jaime Pajuelo,born=2000 club_id=22 best_score=0.45,,players.id yaz
fbref,player,abdulai juma bah,Abdulai Juma Bah,born=2006 club_id=133 best_score=0.28,,players.id yaz
fbref,player,adrian baquerin,Adrian Baquerin,born=2007 club_id=133 best_score=0.69,,players.id yaz
fbref,player,chuky san jose,Chuky san jose,born=2004 club_id=133 best_score=0.42,,players.id yaz
fbref,player,darwin machis,Darwin Machís,born=1993 club_id=133 best_score=0.44,,players.id yaz
fbref,player,koka,Koka,born=1993 club_id=198 best_score=0.31,,players.id yaz
fbref,player,abdulai juma bah,Abdulai Juma Bah,born=2006 club_id=209 best_score=0.36,,players.id yaz
fbref,player,emmanuel koum mbondo,Emmanuel Koum Mbondo,born=2006 club_id=97 best_score=0.40,,players.id yaz
fbref,player,luiz felipe,Luiz Felipe,born=1997 club_id=97 best_score=0.38,,players.id yaz
fbref,player,dimitry bertaud,Dimitry Bertaud,born=1998 club_id=222 best_score=0.28,,players.id yaz
fbref,player,douglas,Douglas,born=1997 club_id=227 best_score=0.26,,players.id yaz
fbref,player,john joe,John Joe,born=2003 club_id=61 best_score=0.50,,players.id yaz
fbref,player,jordan pefok,Jordan Pefok,born=1996 club_id=61 best_score=0.34,,players.id yaz
fbref,player,valentin atangana edoa,Valentin Atangana Edoa,born=2005 club_id=61 best_score=0.25,,players.id yaz
fbref,player,kyogo furuhashi,Kyogo Furuhashi,born=1995 club_id=105 best_score=0.39,,players.id yaz
fbref,player,pape daouda diongue,Pape Daouda Diongue,born=2006 club_id=190 best_score=0.69,,players.id yaz
fbref,player,naatan skytta,Naatan Skyttä,born=2002 club_id=153 best_score=0.26,,players.id yaz
fbref,player,stanley n soki,Stanley N'Soki,born=1999 club_id=172 best_score=0.30,,players.id yaz
fbref,player,jordan pefok,Jordan Pefok,born=1996 club_id=216 best_score=0.43,,players.id yaz
fbref,player,liberato cacace,Liberato Cacace,born=2000 club_id=199 best_score=0.34,,players.id yaz
fbref,player,lior kasa,Lior Kasa,born=2005 club_id=100 best_score=0.30,,players.id yaz
fbref,player,daniel bandeira,Daniel Bandeira,born=2000 club_id=106 best_score=0.39,,players.id yaz
fbref,player,yordan osorio,Yordan Osorio,born=1994 club_id=52 best_score=0.44,,players.id yaz
fbref,player,mohamed elneny,Mohamed Elneny,born=1992 club_id=29 best_score=0.37,,players.id yaz
fbref,player,kieffer moore,Kieffer Moore,born=1992 club_id=225 best_score=0.25,,players.id yaz
fbref,player,saman ghoddos,Saman Ghoddos,born=1993 club_id=37 best_score=0.31,,players.id yaz
fbref,player,johann berg gudmundsson,Jóhann Berg Guðmundsson,born=1990 club_id=34 best_score=0.24,,players.id yaz
fbref,player,vitinho,Vitinho,born=1999 club_id=34 best_score=0.47,,players.id yaz
fbref,player,aleksandar mitrovic,Aleksandar Mitrović,born=1994 club_id=220 best_score=0.39,,players.id yaz
fbref,player,amari i bell,Amari'i Bell,born=1994 club_id=15 best_score=0.34,,players.id yaz
fbref,player,hannibal mejbri,Hannibal Mejbri,born=2003 club_id=224 best_score=0.47,,players.id yaz
fbref,player,ben brereton,Ben Brereton,born=1999 club_id=128 best_score=0.42,,players.id yaz
fbref,player,jamie donley,Jamie Donley,born=2005 club_id=65 best_score=0.35,,players.id yaz
fbref,player,miguel,Miguel,born=1999 club_id=30 best_score=0.24,,players.id yaz
fbref,player,xeber,Xeber,born=1997 club_id=30 best_score=0.22,,players.id yaz
fbref,player,marciano tchami,Marciano Tchami,born=2004 club_id=123 best_score=0.76,,players.id yaz
fbref,player,imanol,Imanol,born=2000 club_id=184 best_score=0.47,,players.id yaz
fbref,player,memphis,Memphis,born=1994 club_id=51 best_score=0.32,,players.id yaz
fbref,player,milutin osmajic,Milutin Osmajić,born=1999 club_id=101 best_score=0.40,,players.id yaz
fbref,player,oscar rodriguez arnaiz,Óscar Rodríguez Arnaiz,born=1998 club_id=136 best_score=0.34,,players.id yaz
fbref,player,adri bosch,Adri Bosch,born=2001 club_id=76 best_score=0.70,,players.id yaz
fbref,player,amath,Amath,born=1996 club_id=91 best_score=0.22,,players.id yaz
fbref,player,radamel falcao,Radamel Falcao,born=1986 club_id=134 best_score=0.36,,players.id yaz
fbref,player,salvi,Salvi,born=1991 club_id=134 best_score=0.36,,players.id yaz
fbref,player,hannibal mejbri,Hannibal Mejbri,born=2003 club_id=135 best_score=0.46,,players.id yaz
fbref,player,ben brereton,Ben Brereton,born=1999 club_id=24 best_score=0.36,,players.id yaz
fbref,player,adam ounas,Adam Ounas,born=1996 club_id=26 best_score=0.35,,players.id yaz
fbref,player,gedeon kalulu,Gédéon Kalulu,born=1997 club_id=38 best_score=0.33,,players.id yaz
fbref,player,raimane daou,Raimane Daou,born=2004 club_id=97 best_score=0.57,,players.id yaz
fbref,player,vitinha,Vitinha,born=2000 club_id=97 best_score=0.42,,players.id yaz
fbref,player,n guessan kouadio,N'Guessan Kouadio,born=2003 club_id=126 best_score=0.58,,players.id yaz
fbref,player,adel mahamoud,Adel Mahamoud,born=2003 club_id=227 best_score=0.33,,players.id yaz
fbref,player,youcef atal,Youcef Atal,born=1996 club_id=155 best_score=0.38,,players.id yaz
fbref,player,aboubacar ali,Aboubacar Ali,born=2006 club_id=190 best_score=0.40,,players.id yaz
fbref,player,kasim nuhu,Kasim Nuhu,born=1995 club_id=172 best_score=0.25,,players.id yaz
fbref,player,leart paqarada,Leart Paqarada,born=1994 club_id=116 best_score=0.22,,players.id yaz
fbref,player,gustavo puerta,Gustavo Puerta,born=2003 club_id=66 best_score=0.33,,players.id yaz
fbref,player,leandro barreiro martins,Leandro Barreiro Martins,born=2000 club_id=141 best_score=0.38,,players.id yaz
fbref,player,jeong woo yeong,Jeong Woo-yeong,born=1999 club_id=203 best_score=0.13,,players.id yaz
fbref,player,silas katompa,Silas Katompa,born=1998 club_id=203 best_score=0.23,,players.id yaz
fbref,player,aissa laidouni,Aïssa Laïdouni,born=1996 club_id=216 best_score=0.43,,players.id yaz
fbref,player,aleksei miranchuk,Aleksei Miranchuk,born=1995 club_id=205 best_score=0.27,,players.id yaz
fbref,player,luis muriel,Luis Muriel,born=1991 club_id=205 best_score=0.16,,players.id yaz
fbref,player,pablo galdames millan,Pablo Galdames Millán,born=1996 club_id=100 best_score=0.36,,players.id yaz
fbref,player,sardar azmoun,Sardar Azmoun,born=1995 club_id=43 best_score=0.38,,players.id yaz
fbref,player,agustin martegani,Agustín Martegani,born=2000 club_id=139 best_score=0.20,,players.id yaz
fbref,player,guillermo ochoa,Guillermo Ochoa,born=1985 club_id=139 best_score=0.00,,players.id yaz
fbref,player,simeon nwankwo,Simeon Nwankwo,born=1992 club_id=139 best_score=0.33,,players.id yaz
fbref,player,triantafyllos pasaridis,Triantafyllos Pasaridīs,born=1996 club_id=139 best_score=0.35,,players.id yaz
api-football-squads,player,366672,Ş. Dik,club=Alanyaspor position=Defender,,players.id yaz (yeni transfer olabilir)
api-football-squads,player,674071,E. Karatas,club=Alanyaspor position=Defender,,players.id yaz (yeni transfer olabilir)
api-football-squads,player,371932,B. Gezek,club=Alanyaspor position=Midfielder,,players.id yaz (yeni transfer olabilir)
api-football-squads,player,463330,O. Ben Ali,club=Alanyaspor position=Attacker,,players.id yaz (yeni transfer olabilir)
api-football-squads,player,2910,Hwang Ui-Jo,club=Alanyaspor position=Attacker,,players.id yaz (yeni transfer olabilir)
api-football-squads,player,24665,L. Gugeshashvili,club=Göztepe position=Goalkeeper,,players.id yaz (yeni transfer olabilir)
api-football-squads,player,303493,N. Dismas,club=Göztepe position=Defender,,players.id yaz (yeni transfer olabilir)
api-football-squads,player,48091,N. Sonko-Sundberg,club=Göztepe position=Defender,,players.id yaz (yeni transfer olabilir)
api-football-squads,player,668137,B. Sarigul,club=Göztepe position=Midfielder,,players.id yaz (yeni transfer olabilir)
api-football-squads,player,237847,André Henrique,club=Göztepe position=Attacker,,players.id yaz (yeni transfer olabilir)
api-football-squads,player,199863,S. Armstrong,club=Göztepe position=Attacker,,players.id yaz (yeni transfer olabilir)
api-football-squads,player,289618,Alex Matos,club=Göztepe position=Attacker,,players.id yaz (yeni transfer olabilir)
api-football-squads,player,37111,B. Bayazıt,club=Samsunspor position=Goalkeeper,,players.id yaz (yeni transfer olabilir)
api-football-squads,player,631673,Badra Diabbate Ali,club=Samsunspor position=Defender,,players.id yaz (yeni transfer olabilir)
api-football-squads,player,346522,I. Drapiński,club=Samsunspor position=Defender,,players.id yaz (yeni transfer olabilir)
api-football-squads,player,437484,Y. Sekongo,club=Samsunspor position=Midfielder,,players.id yaz (yeni transfer olabilir)
api-football-squads,player,18749,E. Watt,club=Samsunspor position=Midfielder,,players.id yaz (yeni transfer olabilir)
api-football-squads,player,356998,K. Assoumou,club=Samsunspor position=Attacker,,players.id yaz (yeni transfer olabilir)
api-football-squads,player,25223,F. Kaya,club=Samsunspor position=Attacker,,players.id yaz (yeni transfer olabilir)
api-football-squads,player,531370,Marius,club=Samsunspor position=Attacker,,players.id yaz (yeni transfer olabilir)
api-football-squads,player,339951,A. Bülbül,club=Galatasaray position=Defender,,players.id yaz (yeni transfer olabilir)
api-football-squads,player,568393,Y. Kahraman,club=Galatasaray position=Defender,,players.id yaz (yeni transfer olabilir)
api-football-squads,player,567979,N. Ogulcan Yancel,club=Galatasaray position=Midfielder,,players.id yaz (yeni transfer olabilir)
api-football-squads,player,270508,L. Ugochukwu,club=Galatasaray position=Midfielder,,players.id yaz (yeni transfer olabilir)
api-football-squads,player,394223,Recep Yalın Dilek,club=Galatasaray position=Attacker,,players.id yaz (yeni transfer olabilir)
api-football-squads,player,585709,C. Guner,club=Galatasaray position=Attacker,,players.id yaz (yeni transfer olabilir)
api-football-squads,player,498673,F. Koçak,club=Galatasaray position=Attacker,,players.id yaz (yeni transfer olabilir)
api-football-squads,player,492270,Berat Luş,club=Galatasaray position=Attacker,,players.id yaz (yeni transfer olabilir)
api-football-squads,player,523098,Ibrahim Kagan Alkis,club=Gaziantep FK position=Goalkeeper,,players.id yaz (yeni transfer olabilir)
api-football-squads,player,523099,Yusuf Nazar,club=Gaziantep FK position=Goalkeeper,,players.id yaz (yeni transfer olabilir)
api-football-squads,player,286551,K. Tobiasz,club=Gaziantep FK position=Goalkeeper,,players.id yaz (yeni transfer olabilir)
api-football-squads,player,202909,K. Çalhanoğlu,club=Gaziantep FK position=Defender,,players.id yaz (yeni transfer olabilir)
api-football-squads,player,143726,Sabahattin Destici,club=Gaziantep FK position=Defender,,players.id yaz (yeni transfer olabilir)
api-football-squads,player,629167,Samet Kalkan Mehmet,club=Gaziantep FK position=Defender,,players.id yaz (yeni transfer olabilir)
api-football-squads,player,83438,U. Meleke,club=Gaziantep FK position=Defender,,players.id yaz (yeni transfer olabilir)
api-football-squads,player,43131,F. Ștefan,club=Gaziantep FK position=Midfielder,,players.id yaz (yeni transfer olabilir)
api-football-squads,player,62038,F. Bavuk,club=Gaziantep FK position=Attacker,,players.id yaz (yeni transfer olabilir)
api-football-squads,player,37440,H. Dervişoğlu,club=Gaziantep FK position=Attacker,,players.id yaz (yeni transfer olabilir)
api-football-squads,player,25053,S. Dursun,club=Gaziantep FK position=Attacker,,players.id yaz (yeni transfer olabilir)
api-football-squads,player,192374,T. Stewart,club=Gaziantep FK position=Attacker,,players.id yaz (yeni transfer olabilir)
api-football-squads,player,478077,E. Aydın,club=Konyaspor position=Goalkeeper,,players.id yaz (yeni transfer olabilir)
api-football-squads,player,50026,C. Awaziem,club=Konyaspor position=Defender,,players.id yaz (yeni transfer olabilir)
api-football-squads,player,338815,A. Boşluk,club=Konyaspor position=Defender,,players.id yaz (yeni transfer olabilir)
api-football-squads,player,583994,Da Mata,club=Konyaspor position=Defender,,players.id yaz (yeni transfer olabilir)
api-football-squads,player,18816,A. Masuaku,club=Konyaspor position=Defender,,players.id yaz (yeni transfer olabilir)
api-football-squads,player,152845,M. İbrahimoğlu,club=Konyaspor position=Midfielder,,players.id yaz (yeni transfer olabilir)
api-football-squads,player,339888,E. Bars,club=Konyaspor position=Attacker,,players.id yaz (yeni transfer olabilir)
api-football-squads,player,140847,E. Colley,club=Konyaspor position=Midfielder,,players.id yaz (yeni transfer olabilir)
api-football-squads,player,182422,E. Destan,club=Konyaspor position=Attacker,,players.id yaz (yeni transfer olabilir)
api-football-squads,player,645526,E. I. Seven,club=Konyaspor position=Attacker,,players.id yaz (yeni transfer olabilir)
api-football-squads,player,645525,M. Var,club=Konyaspor position=Attacker,,players.id yaz (yeni transfer olabilir)
api-football-squads,player,640065,Cemali Yagmur Eren,club=Konyaspor position=Attacker,,players.id yaz (yeni transfer olabilir)
api-football-squads,player,62042,G. Değirmenci,club=Kayserispor position=Goalkeeper,,players.id yaz (yeni transfer olabilir)
api-football-squads,player,278157,E. Arıkan,club=Kayserispor position=Defender,,players.id yaz (yeni transfer olabilir)
api-football-squads,player,535101,M. Gockan,club=Kayserispor position=Defender,,players.id yaz (yeni transfer olabilir)
api-football-squads,player,62808,F. Özer,club=Kayserispor position=Defender,,players.id yaz (yeni transfer olabilir)
api-football-squads,player,107268,C. Şen,club=Kayserispor position=Defender,,players.id yaz (yeni transfer olabilir)
api-football-squads,player,53708,J. Tabidze,club=Kayserispor position=Defender,,players.id yaz (yeni transfer olabilir)
api-football-squads,player,61945,M. Uçar,club=Kayserispor position=Defender,,players.id yaz (yeni transfer olabilir)
api-football-squads,player,298127,Mamadi Camará,club=Kayserispor position=Midfielder,,players.id yaz (yeni transfer olabilir)
api-football-squads,player,125631,M. Dulca,club=Kayserispor position=Midfielder,,players.id yaz (yeni transfer olabilir)
api-football-squads,player,550221,M. Hayvali,club=Kayserispor position=Defender,,players.id yaz (yeni transfer olabilir)
api-football-squads,player,61914,S. Kurt,club=Kayserispor position=Midfielder,,players.id yaz (yeni transfer olabilir)
api-football-squads,player,674488,Burak Erkan,club=Kayserispor position=Attacker,,players.id yaz (yeni transfer olabilir)
api-football-squads,player,28588,F. Hasani,club=Kayserispor position=Attacker,,players.id yaz (yeni transfer olabilir)
api-football-squads,player,62510,B. Keser,club=Kayserispor position=Midfielder,,players.id yaz (yeni transfer olabilir)
api-football-squads,player,13595,D. Moreno,club=Kayserispor position=Attacker,,players.id yaz (yeni transfer olabilir)
api-football-squads,player,42729,D. Radu,club=Kayserispor position=Defender,,players.id yaz (yeni transfer olabilir)
api-football-squads,player,48698,T. Seferi,club=Kayserispor position=Midfielder,,players.id yaz (yeni transfer olabilir)
api-football-squads,player,134492,O. Piri,club=Kocaelispor position=Goalkeeper,,players.id yaz (yeni transfer olabilir)
api-football-squads,player,292363,E. Ortakaya,club=Kocaelispor position=Defender,,players.id yaz (yeni transfer olabilir)
api-football-squads,player,282546,T. Zoukrou,club=Kocaelispor position=Defender,,players.id yaz (yeni transfer olabilir)
api-football-squads,player,625427,Haydar Karataş,club=Kocaelispor position=Midfielder,,players.id yaz (yeni transfer olabilir)
api-football-squads,player,3314,Show,club=Kocaelispor position=Midfielder,,players.id yaz (yeni transfer olabilir)
api-football-squads,player,328097,Mahamadou Susoho Sissoho,club=Kocaelispor position=Midfielder,,players.id yaz (yeni transfer olabilir)
api-football-squads,player,26568,M. Baku,club=Kocaelispor position=Attacker,,players.id yaz (yeni transfer olabilir)
api-football-squads,player,177914,A. Sağat,club=Kocaelispor position=Attacker,,players.id yaz (yeni transfer olabilir)
api-football-squads,player,673366,Kuzey Sapaz,club=Fenerbahce position=Goalkeeper,,players.id yaz (yeni transfer olabilir)
api-football-squads,player,18861,N. Aké,club=Fenerbahce position=Defender,,players.id yaz (yeni transfer olabilir)
api-football-squads,player,340727,O. MimoviÄ,club=Fenerbahce position=Defender,,players.id yaz (yeni transfer olabilir)
api-football-squads,player,50129,E. Demir,club=Fenerbahce position=Midfielder,,players.id yaz (yeni transfer olabilir)
api-football-squads,player,647548,A. E. Fettahoglu,club=Fenerbahce position=Midfielder,,players.id yaz (yeni transfer olabilir)
api-football-squads,player,302869,N. Dorgeles,club=Fenerbahce position=Attacker,,players.id yaz (yeni transfer olabilir)
api-football-squads,player,417861,A. Diouf,club=Fenerbahce position=Attacker,,players.id yaz (yeni transfer olabilir)
api-football-squads,player,601310,C. Fedai,club=Fenerbahce position=Attacker,,players.id yaz (yeni transfer olabilir)
api-football-squads,player,897,M. Greenwood,club=Fenerbahce position=Midfielder,,players.id yaz (yeni transfer olabilir)
api-football-squads,player,907,R. Lukaku,club=Fenerbahce position=Attacker,,players.id yaz (yeni transfer olabilir)
api-football-squads,player,50048,V. Muriqi,club=Fenerbahce position=Attacker,,players.id yaz (yeni transfer olabilir)
api-football-squads,player,275090,E. Bilgin,club=Eyüpspor position=Goalkeeper,,players.id yaz (yeni transfer olabilir)
api-football-squads,player,42642,H. Moldovan,club=Eyüpspor position=Goalkeeper,,players.id yaz (yeni transfer olabilir)
api-football-squads,player,31386,J. El Yamiq,club=Eyüpspor position=Defender,,players.id yaz (yeni transfer olabilir)
api-football-squads,player,17977,Z. Jules,club=Eyüpspor position=Defender,,players.id yaz (yeni transfer olabilir)
api-football-squads,player,626939,Kutlay Satli Berhan,club=Eyüpspor position=Defender,,players.id yaz (yeni transfer olabilir)
api-football-squads,player,451845,A. Popov,club=Eyüpspor position=Defender,,players.id yaz (yeni transfer olabilir)
api-football-squads,player,427076,David Costa,club=Eyüpspor position=Midfielder,,players.id yaz (yeni transfer olabilir)
api-football-squads,player,626940,Bedri Kara Omer,club=Eyüpspor position=Midfielder,,players.id yaz (yeni transfer olabilir)
api-football-squads,player,291531,C. Massanga,club=Eyüpspor position=Midfielder,,players.id yaz (yeni transfer olabilir)
api-football-squads,player,19053,A. Sabiri,club=Eyüpspor position=Midfielder,,players.id yaz (yeni transfer olabilir)
api-football-squads,player,388461,A. Abdullahi,club=Eyüpspor position=Attacker,,players.id yaz (yeni transfer olabilir)
api-football-squads,player,36906,Y. Barası,club=Eyüpspor position=Attacker,,players.id yaz (yeni transfer olabilir)
api-football-squads,player,21589,B. Boutobba,club=Eyüpspor position=Attacker,,players.id yaz (yeni transfer olabilir)
api-football-squads,player,639455,M. Karakas,club=Eyüpspor position=Attacker,,players.id yaz (yeni transfer olabilir)
api-football-squads,player,40452,K. Michalak,club=Eyüpspor position=Midfielder,,players.id yaz (yeni transfer olabilir)
api-football-squads,player,68180,Julián,club=Antalyaspor position=Goalkeeper,,players.id yaz (yeni transfer olabilir)
api-football-squads,player,128971,D. Özkan,club=Antalyaspor position=Goalkeeper,,players.id yaz (yeni transfer olabilir)
api-football-squads,player,624967,Bugra Tivsiz Ensar,club=Antalyaspor position=Defender,,players.id yaz (yeni transfer olabilir)
api-football-squads,player,668763,Ismail Chehaima,club=Antalyaspor position=Midfielder,,players.id yaz (yeni transfer olabilir)
api-football-squads,player,513286,Hasan Yakub İlçin,club=Antalyaspor position=Midfielder,,players.id yaz (yeni transfer olabilir)
api-football-squads,player,111274,R. Safouri,club=Antalyaspor position=Midfielder,,players.id yaz (yeni transfer olabilir)
api-football-squads,player,526,A. Onana,club=Trabzonspor position=Goalkeeper,,players.id yaz (yeni transfer olabilir)
api-football-squads,player,62490,S. Akaydin,club=Trabzonspor position=Defender,,players.id yaz (yeni transfer olabilir)
api-football-squads,player,671502,K. Akcay,club=Trabzonspor position=Defender,,players.id yaz (yeni transfer olabilir)
api-football-squads,player,72048,C. Özkacar,club=Trabzonspor position=Defender,,players.id yaz (yeni transfer olabilir)
api-football-squads,player,610902,A. Tekke,club=Trabzonspor position=Defender,,players.id yaz (yeni transfer olabilir)
api-football-squads,player,158431,M. Kabasakal,club=Trabzonspor position=Midfielder,,players.id yaz (yeni transfer olabilir)
api-football-squads,player,610759,T. Karadeniz,club=Trabzonspor position=Attacker,,players.id yaz (yeni transfer olabilir)
api-football-squads,player,107660,M. Mimaroğlu,club=Trabzonspor position=Midfielder,,players.id yaz (yeni transfer olabilir)
api-football-squads,player,306,Mohamed Salah,club=Trabzonspor position=Attacker,,players.id yaz (yeni transfer olabilir)
api-football-squads,player,161790,A. Şimşir,club=Trabzonspor position=Midfielder,,players.id yaz (yeni transfer olabilir)
api-football-squads,player,30915,M. Silvestri,club=Fatih Karagümrük position=Goalkeeper,,players.id yaz (yeni transfer olabilir)
api-football-squads,player,62419,R. Civelek,club=Fatih Karagümrük position=Defender,,players.id yaz (yeni transfer olabilir)
api-football-squads,player,62478,M. Sarıkaya,club=Fatih Karagümrük position=Defender,,players.id yaz (yeni transfer olabilir)
api-football-squads,player,49917,R. Yalçın,club=Fatih Karagümrük position=Defender,,players.id yaz (yeni transfer olabilir)
api-football-squads,player,443,E. Akbaba,club=Fatih Karagümrük position=Midfielder,,players.id yaz (yeni transfer olabilir)
api-football-squads,player,615929,Candan Baskale,club=Fatih Karagümrük position=Midfielder,,players.id yaz (yeni transfer olabilir)
api-football-squads,player,56114,M. Siopis,club=Fatih Karagümrük position=Midfielder,,players.id yaz (yeni transfer olabilir)
api-football-squads,player,1985,D. Toköz,club=Fatih Karagümrük position=Midfielder,,players.id yaz (yeni transfer olabilir)
api-football-squads,player,631627,Traore Ahmed,club=Fatih Karagümrük position=Attacker,,players.id yaz (yeni transfer olabilir)
api-football-squads,player,631629,Kone,club=Fatih Karagümrük position=Attacker,,players.id yaz (yeni transfer olabilir)
api-football-squads,player,34525,A. Pešić,club=Fatih Karagümrük position=Attacker,,players.id yaz (yeni transfer olabilir)
api-football-squads,player,18768,C. Tosun,club=Fatih Karagümrük position=Attacker,,players.id yaz (yeni transfer olabilir)
api-football-squads,player,178886,M. Ilie,club=Kasimpasa position=Defender,,players.id yaz (yeni transfer olabilir)
api-football-squads,player,380253,A. Karapo,club=Kasimpasa position=Defender,,players.id yaz (yeni transfer olabilir)
api-football-squads,player,651233,E. Boz,club=Kasimpasa position=Midfielder,,players.id yaz (yeni transfer olabilir)
api-football-squads,player,625224,M. Deniz,club=Kasimpasa position=Midfielder,,players.id yaz (yeni transfer olabilir)
api-football-squads,player,428299,J. Jessen,club=Kasimpasa position=Defender,,players.id yaz (yeni transfer olabilir)
api-football-squads,player,438682,Elson Mendes,club=Kasimpasa position=Midfielder,,players.id yaz (yeni transfer olabilir)
api-football-squads,player,338745,M. Rafferty,club=Kasimpasa position=Midfielder,,players.id yaz (yeni transfer olabilir)
api-football-squads,player,628500,M. Bektas,club=Kasimpasa position=Attacker,,players.id yaz (yeni transfer olabilir)
api-football-squads,player,40592,A. Benedyczak,club=Kasimpasa position=Attacker,,players.id yaz (yeni transfer olabilir)
api-football-squads,player,329642,T. Diarra,club=Kasimpasa position=Attacker,,players.id yaz (yeni transfer olabilir)
api-football-squads,player,2005,G. Yalçın,club=Kasimpasa position=Midfielder,,players.id yaz (yeni transfer olabilir)
api-football-squads,player,62137,İ. Eğribayat,club=Gençlerbirliği Spor Kulübü position=Goalkeeper,,players.id yaz (yeni transfer olabilir)
api-football-squads,player,550881,Y. Aydar,club=Gençlerbirliği Spor Kulübü position=Defender,,players.id yaz (yeni transfer olabilir)
api-football-squads,player,550999,M. Cavusoglu,club=Gençlerbirliği Spor Kulübü position=Defender,,players.id yaz (yeni transfer olabilir)
api-football-squads,player,47304,Kévin Rodrigues,club=Gençlerbirliği Spor Kulübü position=Defender,,players.id yaz (yeni transfer olabilir)
api-football-squads,player,9737,Thalisson Kelven,club=Gençlerbirliği Spor Kulübü position=Defender,,players.id yaz (yeni transfer olabilir)
api-football-squads,player,2774,O. Etebo,club=Gençlerbirliği Spor Kulübü position=Midfielder,,players.id yaz (yeni transfer olabilir)
api-football-squads,player,31058,S. Uçan,club=Gençlerbirliği Spor Kulübü position=Midfielder,,players.id yaz (yeni transfer olabilir)
api-football-squads,player,640064,Arda Aslan Erk,club=Gençlerbirliği Spor Kulübü position=Midfielder,,players.id yaz (yeni transfer olabilir)
api-football-squads,player,325418,G. Erdem,club=Gençlerbirliği Spor Kulübü position=Attacker,,players.id yaz (yeni transfer olabilir)
api-football-squads,player,162513,E. Bayram,club=Basaksehir FK position=Defender,,players.id yaz (yeni transfer olabilir)
api-football-squads,player,125618,M. Karbownik,club=Basaksehir FK position=Defender,,players.id yaz (yeni transfer olabilir)
api-football-squads,player,444482,S. Kharebashvili,club=Basaksehir FK position=Defender,,players.id yaz (yeni transfer olabilir)
api-football-squads,player,460587,T. Turhan,club=Basaksehir FK position=Midfielder,,players.id yaz (yeni transfer olabilir)
api-football-squads,player,49860,E. Višća,club=Basaksehir FK position=Midfielder,,players.id yaz (yeni transfer olabilir)
api-football-squads,player,21447,U. Bozok,club=Basaksehir FK position=Attacker,,players.id yaz (yeni transfer olabilir)
api-football-squads,player,15916,A. Skov Olsen,club=Basaksehir FK position=Midfielder,,players.id yaz (yeni transfer olabilir)
api-football-squads,player,333526,E. Doğan,club=Caykur Rizespor position=Goalkeeper,,players.id yaz (yeni transfer olabilir)
api-football-squads,player,670679,H. Done,club=Caykur Rizespor position=Goalkeeper,,players.id yaz (yeni transfer olabilir)
api-football-squads,player,353540,Z. Ariss,club=Caykur Rizespor position=Defender,,players.id yaz (yeni transfer olabilir)
api-football-squads,player,385601,S. Bakayoko,club=Caykur Rizespor position=Defender,,players.id yaz (yeni transfer olabilir)
api-football-squads,player,388994,U. Erdem,club=Caykur Rizespor position=Defender,,players.id yaz (yeni transfer olabilir)
api-football-squads,player,20661,M. Sagnan,club=Caykur Rizespor position=Defender,,players.id yaz (yeni transfer olabilir)
api-football-squads,player,61993,T. Sanuç,club=Caykur Rizespor position=Defender,,players.id yaz (yeni transfer olabilir)
api-football-squads,player,353463,M. Diakité,club=Caykur Rizespor position=Midfielder,,players.id yaz (yeni transfer olabilir)
api-football-squads,player,408200,M. Faye,club=Caykur Rizespor position=Attacker,,players.id yaz (yeni transfer olabilir)
api-football-squads,player,422,A. Kutucu,club=Caykur Rizespor position=Midfielder,,players.id yaz (yeni transfer olabilir)
api-football-squads,player,671705,Coskun Tosun Mustafa,club=Caykur Rizespor position=Attacker,,players.id yaz (yeni transfer olabilir)
api-football-squads,player,50104,D. Alemdar,club=Beşiktaş Jimnastik Kulübü position=Goalkeeper,,players.id yaz (yeni transfer olabilir)
api-football-squads,player,399,A. Nübel,club=Beşiktaş Jimnastik Kulübü position=Goalkeeper,,players.id yaz (yeni transfer olabilir)
api-football-squads,player,667581,C. Gursel,club=Beşiktaş Jimnastik Kulübü position=Defender,,players.id yaz (yeni transfer olabilir)
api-football-squads,player,333137,K. Ouattara,club=Beşiktaş Jimnastik Kulübü position=Defender,,players.id yaz (yeni transfer olabilir)
api-football-squads,player,446824,I. Fakili,club=Beşiktaş Jimnastik Kulübü position=Attacker,,players.id yaz (yeni transfer olabilir)
api-football-squads,player,24807,S. Özcan,club=Beşiktaş Jimnastik Kulübü position=Midfielder,,players.id yaz (yeni transfer olabilir)
api-football-squads,player,630520,Sami Bircan Ahmet,club=Beşiktaş Jimnastik Kulübü position=Attacker,,players.id yaz (yeni transfer olabilir)
api-football-squads,player,34710,Oh Hyeon-Gyu,club=Beşiktaş Jimnastik Kulübü position=Attacker,,players.id yaz (yeni transfer olabilir)
api-football-squads,player,1946,L. Trossard,club=Beşiktaş Jimnastik Kulübü position=Midfielder,,players.id yaz (yeni transfer olabilir)
api-football-squads,player,30415,D. Vlahović,club=Beşiktaş Jimnastik Kulübü position=Attacker,,players.id yaz (yeni transfer olabilir)
fbref,club,3|dep a coruna,Dep. A Coruña,league_id=3 best_score=0.71,,clubs.id yaz
fbref,club,3|racing sant,Racing Sant,league_id=3 best_score=0.48,,clubs.id yaz
fbref,player,umaru konare,Umaru Konare,born=2004 club_id=70 best_score=0.36,,players.id yaz
fbref,player,alvaro padilla,Álvaro Padilla,born=2006 club_id=70 best_score=0.27,,players.id yaz
fbref,player,jean valou,Jean Valou,born=2006 club_id=136 best_score=0.36,,players.id yaz
fbref,player,enzo bardeli,Enzo Bardeli,born=2001 club_id=125 best_score=0.17,,players.id yaz
fbref,player,marc santos,Marc Santos,born=2010 club_id=125 best_score=0.00,,players.id yaz
fbref,player,nicolas guilen peguero,Nicolás Guilén Peguero,born=2008 club_id=135 best_score=0.65,,players.id yaz
fbref,club,47|austria lustenau,Austria Lustenau,league_id=47 best_score=0.73,,clubs.id yaz
fbref,club,50|lommel,Lommel,league_id=50 best_score=0.35,,clubs.id yaz
fbref,club,62|atlante,Atlante,league_id=62 best_score=0.67,,clubs.id yaz
fbref,club,62|guadalajara,Guadalajara,league_id=62 best_score=0.79,,clubs.id yaz
fbref,club,66|wieczysta,Wieczysta,league_id=66 best_score=0.46,,clubs.id yaz
fbref,club,66|wisla krakow,Wisła Kraków,league_id=66 best_score=0.61,,clubs.id yaz
fbref,club,67|acad viseu,Acad. Viseu,league_id=67 best_score=0.44,,clubs.id yaz
fbref,club,71|abha,Abha,league_id=71 best_score=0.50,,clubs.id yaz
fbref,club,71|al faisaly,Al-Faisaly,league_id=71 best_score=0.67,,clubs.id yaz
fbref,club,71|diriyah club,Diriyah Club,league_id=71 best_score=0.45,,clubs.id yaz
fbref,club,6|amedspor,Amedspor,league_id=6 best_score=0.71,2326,clubs.id yaz
fbref,club,6|erzurum bb,Erzurum BB,league_id=6 best_score=0.67,143,clubs.id yaz
fbref,club,6|yeni corumspor,Yeni Çorumspor,league_id=6 best_score=0.67,2327,clubs.id yaz
fbref,player,hasan deshihsku,Hasan Deshihsku,born=2008 club_id=862 best_score=0.34,,players.id yaz
fbref,player,jonas feddersen,Jonas Feddersen,born=2007 club_id=862 best_score=0.23,,players.id yaz
fbref,player,julian hettwer,Julian Hettwer,born=2003 club_id=862 best_score=0.52,,players.id yaz
fbref,player,anderson,Anderson,born=1998 club_id=1102 best_score=0.38,,players.id yaz
fbref,player,anthony smits,Anthony Smits,born=2005 club_id=1102 best_score=0.14,,players.id yaz
fbref,player,liam hermesh,Liam Hermesh,born=2004 club_id=1102 best_score=0.00,,players.id yaz
fbref,player,matthias gragger,Matthias Gragger,born=2001 club_id=1102 best_score=0.37,,players.id yaz
fbref,player,souleyman mandey,Souleyman Mandey,born=2006 club_id=1102 best_score=0.07,,players.id yaz
fbref,player,agustin urrutia,Agustín Urrutia,born=2004 club_id=1240 best_score=0.33,,players.id yaz
fbref,player,florian gerstl,Florian Gerstl,born=2002 club_id=1240 best_score=0.30,,players.id yaz
fbref,player,nikolaus feldhofer,Nikolaus Feldhofer,born=2006 club_id=1240 best_score=0.00,,players.id yaz
fbref,player,manoel verhaeghe,Manoël Verhaeghe,born=2008 club_id=1217 best_score=0.00,,players.id yaz
fbref,player,nael kane,Nael Kane,born=2006 club_id=1217 best_score=0.56,,players.id yaz
fbref,player,luca hassler,Luca Hassler,born=2003 club_id=1239 best_score=0.29,,players.id yaz
fbref,player,marco schabauer,Marco Schabauer,born=2005 club_id=1239 best_score=0.38,,players.id yaz
fbref,player,phillip verhounig,Phillip Verhounig,born=2006 club_id=1239 best_score=0.25,,players.id yaz
fbref,player,denizcan cosgun,Denizcan Cosgun,born=2002 club_id=1144 best_score=0.00,,players.id yaz
fbref,player,jakob brandtner,Jakob Brandtner,born=2006 club_id=1144 best_score=0.31,,players.id yaz
fbref,player,niklas niehoff,Niklas Niehoff,born=2004 club_id=1144 best_score=0.28,,players.id yaz
fbref,player,yanis eisschill,Yanis Eisschill,born=2005 club_id=1144 best_score=0.33,,players.id yaz
fbref,player,jaedin rhodes,Jaedin Rhodes,born=2003 club_id=1032 best_score=0.00,,players.id yaz
fbref,player,lukas malicsek,Lukas Malicsek,born=1999 club_id=1032 best_score=0.00,,players.id yaz
fbref,player,samuel chukwudi,Samuel Chukwudi,born=2003 club_id=1032 best_score=0.00,,players.id yaz
fbref,player,tino kusanovic,Tino Kušanović,born=2008 club_id=1032 best_score=0.15,,players.id yaz
fbref,player,drew murray,Drew Murray,born=2005 club_id=1009 best_score=0.33,,players.id yaz
fbref,player,husein balic,Husein Balic,born=1996 club_id=1009 best_score=0.31,,players.id yaz
fbref,player,marc striednig,Marc Striednig,born=2006 club_id=1009 best_score=0.38,,players.id yaz
fbref,player,nemanja celic,Nemanja Celic,born=1999 club_id=1009 best_score=0.27,,players.id yaz
fbref,player,simon wieser,Simon Wieser,born=2007 club_id=1009 best_score=0.32,,players.id yaz
fbref,player,noa ojea cobiella,Noa Ojea Cobiella,born=2009 club_id=1313 best_score=0.38,,players.id yaz
fbref,player,carlos mejia,Carlos Mejia,born=2007 club_id=785 best_score=0.39,,players.id yaz
fbref,player,luis narh,Luis Narh,born=2007 club_id=785 best_score=0.38,,players.id yaz
fbref,player,guillaume de schryver,Guillaume De Schryver,born=1996 club_id=1066 best_score=0.00,,players.id yaz
fbref,player,lennart mertens,Lennart Mertens,born=1992 club_id=1066 best_score=0.52,,players.id yaz
fbref,player,jean thierry lazare,Jean Thierry Lazare,born=1998 club_id=1285 best_score=0.00,,players.id yaz
fbref,player,joel ndala,Joel Ndala,born=2006 club_id=1285 best_score=0.36,,players.id yaz
fbref,player,viggo martens,Viggo Martens,born=2007 club_id=1285 best_score=0.36,,players.id yaz
fbref,player,lee han beom,Lee Han-beom,born=2002 club_id=970 best_score=0.09,,players.id yaz
fbref,player,josue vergara,Josúe Vergara,born=2007 club_id=897 best_score=0.30,,players.id yaz
fbref,player,bryan adinany,Bryan Adinany,born=2000 club_id=1327 best_score=0.00,,players.id yaz
fbref,player,jellert van landschoot,Jellert Van Landschoot,born=1997 club_id=1327 best_score=0.00,,players.id yaz
fbref,player,ken masui,Ken Masui,born=2001 club_id=1327 best_score=0.00,,players.id yaz
fbref,player,lenn de smet,Lenn De Smet,born=2004 club_id=1327 best_score=0.00,,players.id yaz
fbref,player,matthew anderson,Matthew Anderson,born=2004 club_id=1327 best_score=0.00,,players.id yaz
fbref,player,leandro rousseau,Léandro Rousseau,born=2003 club_id=1185 best_score=0.32,,players.id yaz
fbref,player,mame wade,Mame Wade,born=2002 club_id=1185 best_score=0.26,,players.id yaz
fbref,player,matyas kovacs,Mátyás Kovács,born=2003 club_id=1185 best_score=0.30,,players.id yaz
fbref,player,patrick nkoa,Patrick Nkoa,born=1999 club_id=1185 best_score=0.19,,players.id yaz
fbref,player,zsombor gruber,Zsombor Gruber,born=2004 club_id=1185 best_score=0.41,,players.id yaz
fbref,player,adeshina ayodele,Adeshina Ayodele,born=2006 club_id=1143 best_score=0.07,,players.id yaz
fbref,player,cedric van meirvenne,Cedric Van Meirvenne,born=2005 club_id=1143 best_score=0.60,,players.id yaz
fbref,player,malcolm lohunanu mbasi,Malcolm Lohunanu-Mbasi,born=2008 club_id=1143 best_score=0.34,,players.id yaz
fbref,player,rayan touzghar,Rayan Touzghar,born=2003 club_id=1091 best_score=0.40,,players.id yaz
fbref,player,relebohile mofokeng,Relebohile Mofokeng,born=2004 club_id=1189 best_score=0.27,,players.id yaz
fbref,player,david amegnaglo,David Amegnaglo,born=2005 club_id=1501 best_score=0.37,,players.id yaz
fbref,player,ibrahim fofana,Ibrahim Fofana,born=2003 club_id=1501 best_score=0.31,,players.id yaz
fbref,player,yang minhyeok,Yang Minhyeok,born=2006 club_id=1501 best_score=0.34,,players.id yaz
fbref,player,zalan atrok,Zalán Átrók,born=2005 club_id=1137 best_score=0.36,,players.id yaz
fbref,player,alejandro cardenas,Alejandro Cárdenas,born=2006 club_id=1152 best_score=0.32,,players.id yaz
fbref,player,jose lozano,José Lozano,born=1998 club_id=1461 best_score=0.64,,players.id yaz
fbref,player,johan caicedo,Johan Caicedo,born=2004 club_id=1200 best_score=0.40,,players.id yaz
fbref,player,ebere osinachi,Ebere Osinachi,born=1998 club_id=1165 best_score=0.38,,players.id yaz
fbref,player,emiliano castaneda,Emiliano Castañeda,born=2008 club_id=1165 best_score=0.19,,players.id yaz
fbref,player,juan guevara,Juan Guevara,born=2001 club_id=1267 best_score=0.26,,players.id yaz
fbref,player,aldo de nigris,Aldo De Nigris,born=2008 club_id=994 best_score=0.00,,players.id yaz
fbref,player,matias espindola,Matias Espíndola,born=2003 club_id=807 best_score=0.34,,players.id yaz
fbref,player,miguel pedroza,Miguel Pedroza,born=2003 club_id=807 best_score=0.37,,players.id yaz
fbref,player,adrian alcaraz,Adrián Alcaraz,born=1999 club_id=1202 best_score=0.36,,players.id yaz
fbref,player,eduardo gabriel,Eduardo Gabriel,born=1996 club_id=1202 best_score=0.62,,players.id yaz
fbref,player,ricardo gutierrez,Ricardo Gutiérrez,born=1997 club_id=1309 best_score=0.67,,players.id yaz
fbref,player,sergio sanabria,Sergio Sanabria,born=1999 club_id=1309 best_score=0.44,,players.id yaz
fbref,player,juan martinez jr,Juan Martínez Jr.,born=2010 club_id=1270 best_score=0.00,,players.id yaz
fbref,player,paulo victor,Paulo Victor,born=2001 club_id=1270 best_score=0.42,,players.id yaz
fbref,player,felipe sanchez,Felipe Sánchez,born=2004 club_id=863 best_score=0.32,,players.id yaz
fbref,player,aaron mejia montoya,Aaron Mejía Montoya,born=2001 club_id=858 best_score=0.35,,players.id yaz
fbref,player,jesus vega,Jesús Vega,born=2000 club_id=858 best_score=0.53,,players.id yaz
fbref,player,edgar lopez,Edgar López,born=1999 club_id=919 best_score=0.67,,players.id yaz
fbref,player,everardo del villar,Everardo Del Villar,born=2005 club_id=919 best_score=0.61,,players.id yaz
fbref,player,hugo gonzalez duran,Hugo González Durán,born=1990 club_id=919 best_score=0.00,,players.id yaz
fbref,player,antonio maria,Antonio María,born=2004 club_id=1400 best_score=0.79,,players.id yaz
fbref,player,finn de bruin,Finn de Bruin,born=2004 club_id=842 best_score=0.00,,players.id yaz
fbref,player,illaijh de ruijter,Illaijh de Ruijter,born=2006 club_id=842 best_score=0.00,,players.id yaz
fbref,player,jalen hawkins,Jalen Hawkins,born=2001 club_id=842 best_score=0.16,,players.id yaz
fbref,player,juho teemu kilo,Juho Teemu Kilo,born=2002 club_id=842 best_score=0.00,,players.id yaz
fbref,player,kilian nikiema,Kilian Nikiema,born=2003 club_id=842 best_score=0.50,,players.id yaz
fbref,player,luka reischl,Luka Reischl,born=2004 club_id=842 best_score=0.00,,players.id yaz
fbref,player,matteo waem,Matteo Waem,born=2000 club_id=842 best_score=0.00,,players.id yaz
fbref,player,milan hokke,Milan Hokke,born=2003 club_id=842 best_score=0.48,,players.id yaz
fbref,player,pascal mulder,Pascal Mulder,born=1999 club_id=842 best_score=0.00,,players.id yaz
fbref,player,hessel de wit,Hessel de Wit,born=2007 club_id=781 best_score=0.29,,players.id yaz
fbref,player,ethan apkakou,Ethan Apkakou,born=2006 club_id=857 best_score=0.00,,players.id yaz
fbref,player,fabian kvam,Fabian Kvam,born=2005 club_id=857 best_score=0.15,,players.id yaz
fbref,player,ilyes hamache,Ilyes Hamache,born=2003 club_id=857 best_score=0.00,,players.id yaz
fbref,player,ismael baouf,Ismael Baouf,born=2006 club_id=857 best_score=0.00,,players.id yaz
fbref,player,iwan henstra,Iwan Henstra,born=None club_id=857 best_score=0.33,,players.id yaz
fbref,player,nicolas binder,Nicolas Binder,born=2002 club_id=857 best_score=0.00,,players.id yaz
fbref,player,rik mulders,Rik Mulders,born=2000 club_id=857 best_score=0.00,,players.id yaz
fbref,player,sami bouhoudane,Sami Bouhoudane,born=2008 club_id=857 best_score=0.00,,players.id yaz
fbref,player,skye vink,Skye Vink,born=2006 club_id=857 best_score=0.00,,players.id yaz
fbref,player,wessel goot,Wessel Goot,born=2008 club_id=857 best_score=0.00,,players.id yaz
fbref,player,wiebe kooistra,Wiebe Kooistra,born=2006 club_id=857 best_score=0.00,,players.id yaz
fbref,player,daniel van vianen,Daniel van Vianen,born=2003 club_id=1435 best_score=0.32,,players.id yaz
fbref,player,david garden,David Garden,born=2004 club_id=1435 best_score=0.48,,players.id yaz
fbref,player,ilano timas,Ilano Timas,born=2002 club_id=1435 best_score=0.50,,players.id yaz
fbref,player,osman turay,Osman Turay,born=2008 club_id=1435 best_score=0.00,,players.id yaz
fbref,player,yaqub finey,Yaqub Finey,born=2003 club_id=1435 best_score=0.35,,players.id yaz
fbref,player,tijme wessels,Tijme Wessels,born=2007 club_id=980 best_score=0.40,,players.id yaz
fbref,player,nick de groot,Nick de Groot,born=2001 club_id=1181 best_score=0.15,,players.id yaz
fbref,player,ole romeny,Ole Romeny,born=2000 club_id=1181 best_score=0.17,,players.id yaz
fbref,player,mark csinger,Márk Csinger,born=2003 club_id=942 best_score=0.40,,players.id yaz
fbref,player,nikolas brandis,Nikolas Brandis,born=2005 club_id=942 best_score=0.54,,players.id yaz
fbref,player,adam tahaui,Adam Tahaui,born=2005 club_id=1256 best_score=0.28,,players.id yaz
fbref,player,amir bouhamdi,Amir Bouhamdi,born=2008 club_id=1178 best_score=0.30,,players.id yaz
fbref,player,abdelnour soualhia,Abdelnour Soualhia,born=2001 club_id=875 best_score=0.31,,players.id yaz
fbref,player,noach shenkman,Noach Shenkman,born=2006 club_id=875 best_score=0.30,,players.id yaz
fbref,player,prince adu addae aning,Prince Adu-Addae Aning,born=2004 club_id=875 best_score=0.24,,players.id yaz
fbref,player,devin haen,Devin Haen,born=2004 club_id=1201 best_score=0.33,,players.id yaz
fbref,player,divano iglesias,Divano Iglesias,born=None club_id=1201 best_score=0.32,,players.id yaz
fbref,player,ismael mouhoul,Ismael Mouhoul,born=2006 club_id=1201 best_score=0.00,,players.id yaz
fbref,player,julian van esdonk,Julian van Esdonk,born=2006 club_id=1201 best_score=0.00,,players.id yaz
fbref,player,thomas didillon,Thomas Didillon,born=1995 club_id=1201 best_score=0.00,,players.id yaz
fbref,player,thomas verheydt,Thomas Verheydt,born=1992 club_id=1201 best_score=0.00,,players.id yaz
fbref,player,maximilian dietz,Maximilian Dietz,born=2002 club_id=1226 best_score=0.40,,players.id yaz
fbref,player,patryk warczak,Patryk Warczak,born=2003 club_id=1226 best_score=0.15,,players.id yaz
fbref,player,szymon bartlewicz,Szymon Bartlewicz,born=2005 club_id=1358 best_score=0.00,,players.id yaz
fbref,player,karol delikat,Karol Delikat,born=2008 club_id=988 best_score=0.42,,players.id yaz
fbref,player,erykh mikanovich,Erykh Mikanovich,born=2007 club_id=1022 best_score=0.27,,players.id yaz
fbref,player,robert deziel,Robert Deziel,born=2005 club_id=1022 best_score=0.33,,players.id yaz
fbref,player,lukasz zjawinski,Łukasz Zjawiński,born=2001 club_id=1022 best_score=0.41,,players.id yaz
fbref,player,dominik gregorski,Dominik Gregorski,born=2006 club_id=1140 best_score=0.00,,players.id yaz
fbref,player,yacine bourhane,Yacine Bourhane,born=1998 club_id=1140 best_score=0.29,,players.id yaz
fbref,player,domen gril,Domen Gril,born=2001 club_id=1339 best_score=0.00,,players.id yaz
fbref,player,samuel ntamack,Samuel Ntamack,born=2001 club_id=1339 best_score=0.00,,players.id yaz
fbref,player,bartlomiej gradecki,Bartłomiej Gradecki,born=1999 club_id=1406 best_score=0.34,,players.id yaz
fbref,player,filip koperski,Filip Koperski,born=2004 club_id=1406 best_score=0.44,,players.id yaz
fbref,player,ronaldo afonso,Ronaldo Afonso,born=2000 club_id=1406 best_score=0.54,,players.id yaz
fbref,player,mahir emreli,Mahir Emreli,born=1997 club_id=1500 best_score=0.15,,players.id yaz
fbref,player,oliwier kwiatkowski,Oliwier Kwiatkowski,born=2005 club_id=1500 best_score=0.24,,players.id yaz
fbref,player,adin molnar,Ádin Molnár,born=2004 club_id=1500 best_score=0.33,,players.id yaz
fbref,player,mario garcia,Mario García,born=2003 club_id=1472 best_score=0.47,,players.id yaz
fbref,player,hleb kucko,Hleb Kučko,born=2005 club_id=954 best_score=0.86,,players.id yaz
fbref,player,marcin flis,Marcin Flis,born=1994 club_id=954 best_score=0.35,,players.id yaz
fbref,player,olaf kobacki,Olaf Kobacki,born=2001 club_id=954 best_score=0.18,,players.id yaz
fbref,player,szymon lyczko,Szymon Łyczko,born=2006 club_id=909 best_score=0.36,,players.id yaz
fbref,player,adam ciucka,Adam Ciućka,born=2008 club_id=1422 best_score=0.00,,players.id yaz
fbref,player,irodotos christodoulou,Irodotos Christodoulou,born=2002 club_id=1422 best_score=0.00,,players.id yaz
fbref,player,luka marjanac,Luka Marjanac,born=2003 club_id=1422 best_score=0.00,,players.id yaz
fbref,player,maksymilian stangret,Maksymilian Stangret,born=2005 club_id=1422 best_score=0.18,,players.id yaz
fbref,player,michal mokrzycki,Michał Mokrzycki,born=1997 club_id=1422 best_score=0.00,,players.id yaz
fbref,player,przemyslaw banaszak,Przemysław Banaszak,born=1997 club_id=1422 best_score=0.00,,players.id yaz
fbref,player,marco essimi ateba,Marco Essimi Ateba,born=1999 club_id=1020 best_score=0.39,,players.id yaz
fbref,player,bernardo fontes,Bernardo Fontes,born=2002 club_id=775 best_score=0.32,,players.id yaz
fbref,player,beni loussakou souza,Beni Loussakou Souza,born=2003 club_id=1004 best_score=0.27,,players.id yaz
fbref,player,emerson pedro vanga,Emerson Pedro Vanga,born=2006 club_id=1004 best_score=0.33,,players.id yaz
fbref,player,santiago serra,Santiago Serra,born=2007 club_id=1004 best_score=0.00,,players.id yaz
fbref,player,leny meyer,Leny Meyer,born=2004 club_id=1121 best_score=0.30,,players.id yaz
fbref,player,tamas szucs,Tamás Szűcs,born=2005 club_id=1121 best_score=0.36,,players.id yaz
fbref,player,andreas sejr lausen,Andreas Sejr Lausen,born=2002 club_id=1001 best_score=0.36,,players.id yaz
fbref,player,gabor szalai,Gábor Szalai,born=2000 club_id=851 best_score=0.00,,players.id yaz
fbref,player,maurice boakye,Maurice Boakye,born=2004 club_id=851 best_score=0.46,,players.id yaz
fbref,player,mohamed bouzaidi diouri,Mohamed Bouzaidi Diouri,born=1999 club_id=851 best_score=0.00,,players.id yaz
fbref,player,michael dacosta,Michael DaCosta,born=2005 club_id=1506 best_score=0.34,,players.id yaz
fbref,player,daniel de la cruz,Daniel de la Cruz,born=2004 club_id=1507 best_score=0.12,,players.id yaz
fbref,player,hwang in beom,Hwang In-beom,born=1996 club_id=1412 best_score=0.40,,players.id yaz
fbref,player,miguel almeida patricio,Miguel Almeida Patrício,born=2007 club_id=1003 best_score=0.00,,players.id yaz
fbref,player,roland galcik,Roland Galcik,born=2001 club_id=1003 best_score=0.36,,players.id yaz
fbref,player,samuel alves,Samuel Alves,born=2008 club_id=1003 best_score=0.00,,players.id yaz
fbref,player,afonso duarte,Afonso Duarte,born=2005 club_id=1000 best_score=0.19,,players.id yaz
fbref,player,emanuel fernandes,Emanuel Fernandes,born=2003 club_id=1000 best_score=0.43,,players.id yaz
fbref,player,hiago santos,Hiago Santos,born=2004 club_id=1000 best_score=0.12,,players.id yaz
fbref,player,santiago verdi,Santiago Verdi,born=2008 club_id=999 best_score=0.11,,players.id yaz
fbref,player,rayan hamidou,Rayan Hamidou,born=2002 club_id=923 best_score=0.83,,players.id yaz
fbref,player,saleh waheeb,Saleh Waheeb,born=2002 club_id=923 best_score=0.52,,players.id yaz
fbref,player,zakaria al hosawi,Zakaria Al Hosawi,born=2001 club_id=923 best_score=0.56,,players.id yaz
fbref,player,rayane messi tanfouri,Rayane Messi Tanfouri,born=2007 club_id=1426 best_score=0.28,,players.id yaz
fbref,player,abdulrahman al khaibari,Abdulrahman Al Khaibari,born=2000 club_id=1048 best_score=0.33,,players.id yaz
fbref,player,fahad al zubidi,Fahad Al Zubidi,born=2002 club_id=1048 best_score=0.81,,players.id yaz
fbref,player,saeed ba atiyah,Saeed Ba Atiyah,born=None club_id=1048 best_score=0.86,,players.id yaz
fbref,player,makhir saleh,Makhir Saleh,born=1999 club_id=1277 best_score=0.69,,players.id yaz
fbref,player,abdulaziz al dhuwayhi,Abdulaziz Al Dhuwayhi,born=2000 club_id=1483 best_score=0.77,,players.id yaz
fbref,player,ayman al hejaili,Ayman Al Hejaili,born=1998 club_id=1483 best_score=0.58,,players.id yaz
fbref,player,bonheur mugisha,Bonheur Mugisha,born=2000 club_id=1483 best_score=0.18,,players.id yaz
fbref,player,mohamed amine ben hamida,Mohamed Amine Ben Hamida,born=1995 club_id=1483 best_score=0.00,,players.id yaz
fbref,player,mohammed al hamadani,Mohammed Al Hamadani,born=None club_id=1483 best_score=0.83,,players.id yaz
fbref,player,mohammed essa,Mohammed Essa,born=2002 club_id=1483 best_score=0.69,,players.id yaz
fbref,player,sultan tanker,Sultan Tanker,born=1998 club_id=1483 best_score=0.85,,players.id yaz
fbref,player,waleed shenqeeti,Waleed Shenqeeti,born=1994 club_id=1483 best_score=0.18,,players.id yaz
fbref,player,jacob mendy,Jacob Mendy,born=1996 club_id=1439 best_score=0.16,,players.id yaz
fbref,player,wilson diogo,Wilson Diogo,born=None club_id=1332 best_score=0.34,,players.id yaz
fbref,player,abdulaziz al elewai,Abdulaziz Al Elewai,born=2004 club_id=1484 best_score=0.86,,players.id yaz
fbref,player,hamed al shanqiti,Hamed Al Shanqiti,born=2005 club_id=1484 best_score=0.50,,players.id yaz
fbref,player,julien domingues,Julien Domingues,born=1995 club_id=1484 best_score=0.31,,players.id yaz
fbref,player,ramzi sawlan,Ramzi Sawlan,born=1998 club_id=1484 best_score=0.87,,players.id yaz
fbref,player,fahad mohammed al jayzani,Fahad Mohammed Al Jayzani,born=2004 club_id=1097 best_score=0.54,,players.id yaz
fbref,player,hussain al shurafa,Hussain Al Shurafa,born=None club_id=1097 best_score=0.56,,players.id yaz
fbref,player,trezeguet,Trézéguet,born=1994 club_id=1097 best_score=0.27,,players.id yaz
fbref,player,yazeed al dosari,Yazeed Al Dosari,born=2008 club_id=1509 best_score=0.59,,players.id yaz
fbref,player,adeeb al hassan,Adeeb Al Hassan,born=None club_id=1069 best_score=0.55,,players.id yaz
fbref,player,basim saleh,Basim Saleh,born=2004 club_id=1069 best_score=0.27,,players.id yaz
fbref,player,mohammed al kwikbi,Mohammed Al-Kwikbi,born=1994 club_id=1069 best_score=0.87,,players.id yaz
fbref,player,mohammed saleh,Mohammed Saleh,born=2000 club_id=1069 best_score=0.80,,players.id yaz
fbref,player,younes el bahraoui,Younes El Bahraoui,born=2005 club_id=1069 best_score=0.41,,players.id yaz
fbref,player,zineddine belaid,Zineddine Belaïd,born=1999 club_id=1069 best_score=0.00,,players.id yaz
fbref,player,abdulmalek al ayiri,Abdulmalek Al Ayiri,born=2003 club_id=1134 best_score=0.85,,players.id yaz
fbref,player,mohammed al breik,Mohammed Al-Breik,born=1992 club_id=1134 best_score=0.86,,players.id yaz
fbref,player,mohannad abu taha,Mohannad Abu Taha,born=2003 club_id=1134 best_score=0.69,,players.id yaz
fbref,player,andrew fasanya,Andrew Fasanya,born=2010 club_id=1162 best_score=0.00,,players.id yaz
fbref,player,ayoub mouloua,Ayoub Mouloua,born=2002 club_id=1162 best_score=0.22,,players.id yaz
fbref,player,dan happe,Dan Happe,born=1998 club_id=1162 best_score=0.27,,players.id yaz
fbref,player,nesta guinness walker,Nesta Guinness-Walker,born=1999 club_id=1162 best_score=0.24,,players.id yaz
fbref,player,camilo marques,Camilo Marques,born=2002 club_id=1164 best_score=0.43,,players.id yaz
fbref,player,idris odutayo,Idris Odutayo,born=2002 club_id=1280 best_score=0.28,,players.id yaz
fbref,player,owen goodman,Owen Goodman,born=2003 club_id=1280 best_score=0.38,,players.id yaz
fbref,player,zan besir,Žan Bešir,born=2000 club_id=1280 best_score=0.10,,players.id yaz
fbref,player,daniel bennie,Daniel Bennie,born=2006 club_id=892 best_score=0.00,,players.id yaz
fbref,player,ben krauhaus,Ben Krauhaus,born=2004 club_id=821 best_score=0.36,,players.id yaz
fbref,player,deniss melniks,Deniss Melniks,born=2002 club_id=821 best_score=0.00,,players.id yaz
fbref,player,finley barbrook,Finley Barbrook,born=2004 club_id=821 best_score=0.41,,players.id yaz
fbref,player,paul mcgovern,Paul McGovern,born=2008 club_id=821 best_score=0.52,,players.id yaz
fbref,player,sabri guendouz,Sabri Guendouz,born=2000 club_id=1230 best_score=0.30,,players.id yaz
fbref,player,tom renaud,Tom Renaud,born=2000 club_id=1230 best_score=0.28,,players.id yaz
fbref,player,adam mayor,Adam Mayor,born=2005 club_id=1482 best_score=0.26,,players.id yaz
fbref,player,azeem abdulai,Azeem Abdulai,born=2002 club_id=1482 best_score=0.31,,players.id yaz
fbref,player,callum wright,Callum Wright,born=2000 club_id=1482 best_score=0.31,,players.id yaz
fbref,player,nathan lowe,Nathan Lowe,born=2005 club_id=1482 best_score=0.33,,players.id yaz
fbref,player,erik ring,Erik Ring,born=2002 club_id=1023 best_score=0.24,,players.id yaz
fbref,player,ieuan owen,Ieuan Owen,born=None club_id=1023 best_score=0.80,,players.id yaz
fbref,player,jamie knight lebel,Jamie Knight-Lebel,born=2004 club_id=1511 best_score=0.28,,players.id yaz
fbref,player,willy vogt,Willy Vogt,born=2002 club_id=1511 best_score=0.18,,players.id yaz
fbref,player,josh fowler,Josh Fowler,born=2001 club_id=1026 best_score=0.42,,players.id yaz
fbref,player,louis lloyd,Louis Lloyd,born=2003 club_id=1026 best_score=0.15,,players.id yaz
fbref,player,matty foulds,Matty Foulds,born=1998 club_id=1026 best_score=0.00,,players.id yaz
fbref,player,toby steward,Toby Steward,born=2005 club_id=1026 best_score=0.00,,players.id yaz
fbref,player,henry fieldson,Henry Fieldson,born=2005 club_id=1255 best_score=0.00,,players.id yaz
fbref,player,jacob chapman,Jacob Chapman,born=2000 club_id=1255 best_score=0.47,,players.id yaz
fbref,player,ryan carr,Ryan Carr,born=2004 club_id=1255 best_score=0.00,,players.id yaz
fbref,player,samuel ramos,Samuel Ramos,born=2000 club_id=1255 best_score=0.41,,players.id yaz
fbref,player,omar ben ali,Omar Ben Ali,born=2005 club_id=33 best_score=0.86,,players.id yaz
fbref,player,ulrich meleke,Ulrich Meleke,born=1999 club_id=108 best_score=0.76,,players.id yaz
fbref,player,andre martins,Andre Martins,born=2001 club_id=64 best_score=0.59,,players.id yaz
fbref,player,sinclair armstrong,Sinclair Armstrong,born=2003 club_id=64 best_score=0.30,,players.id yaz
fbref,player,emir bars,Emir Bars,born=2005 club_id=88 best_score=0.80,,players.id yaz
fbref,player,zakaria ariss,Zakaria Ariss,born=2004 club_id=49 best_score=0.70,,players.id yaz
fbref,player,anto sekongo,Anto Sekongo,born=2004 club_id=69 best_score=0.76,,players.id yaz
api-football-transfers,player,8642,M. Fall,Bandırmaspor -> Kasımpaşa (2026-06-29),,players.id yaz (transfer tahtasinda taninmayan oyuncu)
api-football-transfers,player,144693,E. Çetinkaya,Kasımpaşa -> Ankara Demirspor (2026-08-05),,players.id yaz (transfer tahtasinda taninmayan oyuncu)
api-football-transfers,player,313761,O. Yılmaz,Çayelispor -> Kasımpaşa (2026-06-29),,players.id yaz (transfer tahtasinda taninmayan oyuncu)
api-football-transfers,player,40401,Cafú,Kasımpaşa -> None (2026-06-29),,players.id yaz (transfer tahtasinda taninmayan oyuncu)
api-football-transfers,player,40401,Cafú,Kasımpaşa -> AEL (2026-08-04),,players.id yaz (transfer tahtasinda taninmayan oyuncu)
api-football-transfers,player,3418,N. Opoku,Kasımpaşa -> None (2026-06-29),,players.id yaz (transfer tahtasinda taninmayan oyuncu)
api-football-transfers,player,3418,N. Opoku,Kasımpaşa -> Las Palmas (2026-08-05),,players.id yaz (transfer tahtasinda taninmayan oyuncu)
api-football-transfers,player,57163,P. Guèye,Kasımpaşa -> Esenler Erokspor (2026-07-20),,players.id yaz (transfer tahtasinda taninmayan oyuncu)
api-football-transfers,player,550893,E. Aydin,Kasımpaşa -> Galatasaray (2026-06-29),,players.id yaz (transfer tahtasinda taninmayan oyuncu)
api-football-transfers,player,667359,Elysee Dalo Stann,Bassam -> Kasımpaşa (2026-06-30),,players.id yaz (transfer tahtasinda taninmayan oyuncu)
api-football-transfers,player,667359,Elysee Dalo Stann,Kasımpaşa -> Sarıyer (2026-07-31),,players.id yaz (transfer tahtasinda taninmayan oyuncu)
api-football-transfers,player,559768,K. Kurtovic,Mura -> Kasımpaşa (2026-06-29),,players.id yaz (transfer tahtasinda taninmayan oyuncu)
api-football-transfers,player,559768,K. Kurtovic,Kasımpaşa -> Mura (2026-07-01),,players.id yaz (transfer tahtasinda taninmayan oyuncu)
api-football-transfers,player,332964,E. Altıntaş,Altınordu -> Alanyaspor (2026-07-31),,players.id yaz (transfer tahtasinda taninmayan oyuncu)
api-football-transfers,player,332964,E. Altıntaş,Alanyaspor -> Sebat Gençlikspor (2026-08-05),,players.id yaz (transfer tahtasinda taninmayan oyuncu)
api-football-transfers,player,49991,E. Taşkıran,Alanyaspor -> None (2026-06-29),,players.id yaz (transfer tahtasinda taninmayan oyuncu)
api-football-transfers,player,49991,E. Taşkıran,Alanyaspor -> Erzurumspor FK (2026-06-29),,players.id yaz (transfer tahtasinda taninmayan oyuncu)
api-football-transfers,player,627007,O. Arslantas,Alanyaspor -> Orduspor 1967 (2026-08-01),,players.id yaz (transfer tahtasinda taninmayan oyuncu)
api-football-transfers,player,645178,B. Bulut,Alanyaspor -> Muğlaspor (2026-07-07),,players.id yaz (transfer tahtasinda taninmayan oyuncu)
api-football-transfers,player,206,João Mário,AEK Athens FC -> Beşiktaş (2026-06-29),,players.id yaz (transfer tahtasinda taninmayan oyuncu)
api-football-transfers,player,364816,É. Ricardo,Deportes Tolima -> Beşiktaş (2026-06-29),,players.id yaz (transfer tahtasinda taninmayan oyuncu)
api-football-transfers,player,445967,Yakup Arda Kılıç,Karsiyaka -> Beşiktaş (2026-06-29),,players.id yaz (transfer tahtasinda taninmayan oyuncu)
api-football-transfers,player,667582,K. Cengizer,Beşiktaş -> Bodrum FK (2026-07-29),,players.id yaz (transfer tahtasinda taninmayan oyuncu)
api-football-transfers,player,340078,J. Nonge Boende,Kocaelispor -> Stade Brestois 29 (2026-08-03),,players.id yaz (transfer tahtasinda taninmayan oyuncu)
api-football-transfers,player,180763,B. Balogh,Kocaelispor -> Parma (2026-06-29),,players.id yaz (transfer tahtasinda taninmayan oyuncu)
api-football-transfers,player,621054,B. Yildiz,Söke 1970 -> Kocaelispor (2026-06-29),,players.id yaz (transfer tahtasinda taninmayan oyuncu)
api-football-transfers,player,127164,A. Zeqiri,Rizespor -> Esenler Erokspor (2026-08-05),,players.id yaz (transfer tahtasinda taninmayan oyuncu)
api-football-transfers,player,289306,Loide Augusto,Rizespor -> Vasco DA Gama (2026-06-29),,players.id yaz (transfer tahtasinda taninmayan oyuncu)
api-football-transfers,player,486270,E. Korkmaz,Rizespor -> Mardin 1969 (2026-07-03),,players.id yaz (transfer tahtasinda taninmayan oyuncu)
api-football-transfers,player,486270,E. Korkmaz,Esenler Erokspor -> Rizespor (2026-06-29),,players.id yaz (transfer tahtasinda taninmayan oyuncu)
api-football-transfers,player,620966,Mustafa Sengul,Mardin 1969 -> Rizespor (2026-06-29),,players.id yaz (transfer tahtasinda taninmayan oyuncu)
api-football-transfers,player,620969,S. Nas, Kahramanmaraş İstiklal Spor -> Galatasaray (2026-06-29),,players.id yaz (transfer tahtasinda taninmayan oyuncu)
api-football-transfers,player,550893,E. Aydin,Kasımpaşa -> Galatasaray (2026-06-29),,players.id yaz (transfer tahtasinda taninmayan oyuncu)
api-football-transfers,player,568054,B. Kizildemir,Galatasaray -> Amed (2026-06-29),,players.id yaz (transfer tahtasinda taninmayan oyuncu)
api-football-transfers,player,633092,Z. Tindano,Botev Plovdiv -> Göztepe (2026-06-29),,players.id yaz (transfer tahtasinda taninmayan oyuncu)
api-football-transfers,player,633092,Z. Tindano,Göztepe -> Spartak Varna (2026-06-30),,players.id yaz (transfer tahtasinda taninmayan oyuncu)
api-football-transfers,player,394820,T. Tosun,Yeni Orduspor -> Samsunspor (2026-06-29),,players.id yaz (transfer tahtasinda taninmayan oyuncu)
api-football-transfers,player,161880,T. Taşçı,Konyaspor -> Ümraniyespor (2026-08-06),,players.id yaz (transfer tahtasinda taninmayan oyuncu)
api-football-transfers,player,40472,Guilherme,Konyaspor -> None (2026-06-29),,players.id yaz (transfer tahtasinda taninmayan oyuncu)
api-football-transfers,player,63285,M. Mert,Konyaspor -> Batman Petrolspor (2026-06-29),,players.id yaz (transfer tahtasinda taninmayan oyuncu)
api-football-transfers,player,63285,M. Mert,Sarıyer -> Konyaspor (2026-06-29),,players.id yaz (transfer tahtasinda taninmayan oyuncu)
api-football-transfers,player,364597,Jo Jin-Ho,Konyaspor -> Batman Petrolspor (2026-07-14),,players.id yaz (transfer tahtasinda taninmayan oyuncu)
api-football-transfers,player,39101,S. Svendsen,Konyaspor -> Kristiansund BK (2026-07-28),,players.id yaz (transfer tahtasinda taninmayan oyuncu)
api-football-transfers,player,497528,M. Eriş,Batman Petrolspor -> Konyaspor (2026-06-29),,players.id yaz (transfer tahtasinda taninmayan oyuncu)
api-football-transfers,player,21008,S. M&apos;Bakata,Gaziantep FK -> M'Bakata Salem (2026-06-29),,players.id yaz (transfer tahtasinda taninmayan oyuncu)
api-football-transfers,player,465287,Emir Akyildiz,12 Bingölspor -> Fenerbahçe (2026-06-29),,players.id yaz (transfer tahtasinda taninmayan oyuncu)
api-football-transfers,player,465287,Emir Akyildiz,Fenerbahçe -> Elazığspor (2026-07-13),,players.id yaz (transfer tahtasinda taninmayan oyuncu)
api-football-transfers,player,401427,D. Demir,Amasyaspor 1968 -> Fenerbahçe (2026-06-29),,players.id yaz (transfer tahtasinda taninmayan oyuncu)
api-football-transfers,player,389397,A. Akgün,Anadolu Üniversitesi -> Fenerbahçe (2026-06-29),,players.id yaz (transfer tahtasinda taninmayan oyuncu)
api-football-transfers,player,436386,Yiğit Fidan,Pendikspor -> Fenerbahçe (2026-06-29),,players.id yaz (transfer tahtasinda taninmayan oyuncu)
api-football-transfers,player,436386,Yiğit Fidan,Fenerbahçe -> Muğlaspor (2026-07-27),,players.id yaz (transfer tahtasinda taninmayan oyuncu)
api-football-transfers,player,2869,E. Álvarez,Fenerbahçe -> West Ham (2026-06-29),,players.id yaz (transfer tahtasinda taninmayan oyuncu)
api-football-transfers,player,668764,Ahmet Kose,Fenerbahçe -> Iğdır FK (2026-07-04),,players.id yaz (transfer tahtasinda taninmayan oyuncu)
api-football-transfers,player,162102,G. Gürpüz,Gençlerbirliği S.K. -> Trabzonspor (2026-06-29),,players.id yaz (transfer tahtasinda taninmayan oyuncu)
api-football-transfers,player,394188,O. Yılmaz,Sarıyer -> Trabzonspor (2026-06-29),,players.id yaz (transfer tahtasinda taninmayan oyuncu)
api-football-transfers,player,338816,A. Yılmaz,Trabzonspor -> Bodrum FK (2026-07-27),,players.id yaz (transfer tahtasinda taninmayan oyuncu)
api-football-transfers,player,338816,A. Yılmaz,İstanbulspor -> Trabzonspor (2026-06-29),,players.id yaz (transfer tahtasinda taninmayan oyuncu)
api-football-transfers,player,306854,Felipe Augusto,Trabzonspor -> Zenit (2026-06-29),,players.id yaz (transfer tahtasinda taninmayan oyuncu)
api-football-transfers,player,474591,C. Inao OulaÃ¯,Trabzonspor -> Fiorentina (2026-07-17),,players.id yaz (transfer tahtasinda taninmayan oyuncu)
api-football-transfers,player,493968,B. BaÅkan,Trabzonspor -> Bodrum FK (2026-07-27),,players.id yaz (transfer tahtasinda taninmayan oyuncu)
api-football-transfers,player,613359,V. Sonmezsoy,Trabzonspor -> Sebat Gençlikspor (2026-07-18),,players.id yaz (transfer tahtasinda taninmayan oyuncu)
api-football-transfers,player,463101,O. ÃakıroÄlu,Trabzonspor -> Pendikspor (2026-06-29),,players.id yaz (transfer tahtasinda taninmayan oyuncu)
api-football-transfers,player,493965,A. Ãztürk,Trabzonspor -> Iğdır FK (2026-07-28),,players.id yaz (transfer tahtasinda taninmayan oyuncu)
api-football-transfers,player,10160,Léo Duarte,Başakşehir -> Atletico-MG (2026-06-29),,players.id yaz (transfer tahtasinda taninmayan oyuncu)
api-football-transfers,player,544892,Y. Dilek,Kırklarelispor -> Başakşehir (2026-06-29),,players.id yaz (transfer tahtasinda taninmayan oyuncu)
api-football-transfers,player,1373,H. Özcan,Sebat Gençlikspor -> Eyüpspor (2026-06-29),,players.id yaz (transfer tahtasinda taninmayan oyuncu)
api-football-transfers,player,195947,B. Çağlıyan,Eyüpspor -> Çorluspor 1947 (2026-08-01),,players.id yaz (transfer tahtasinda taninmayan oyuncu)
api-football-transfers,player,10298,Marcos Felipe,Eyüpspor -> Bahia (2026-06-29),,players.id yaz (transfer tahtasinda taninmayan oyuncu)
api-football-transfers,player,10298,Marcos Felipe,Eyüpspor -> Çorum FK (2026-07-08),,players.id yaz (transfer tahtasinda taninmayan oyuncu)
api-football-transfers,player,644436,Mustafa Damar,Eyüpspor -> Eskişehirspor (2026-07-16),,players.id yaz (transfer tahtasinda taninmayan oyuncu)
api-football-transfers,player,644436,Mustafa Damar,12 Bingölspor -> Eyüpspor (2026-06-29),,players.id yaz (transfer tahtasinda taninmayan oyuncu)
api-football-transfers,player,128382,Á. Quiñones,Eyüpspor -> Dynamo Kyiv (2026-06-29),,players.id yaz (transfer tahtasinda taninmayan oyuncu)
api-football-transfers,player,640960,B. Kumlu,Çayelispor -> Eyüpspor (2026-06-29),,players.id yaz (transfer tahtasinda taninmayan oyuncu)
api-football-transfers,player,432072,F. TulgayoÄlu,Türk Metal 1963 -> Gençlerbirliği S.K. (2026-06-29),,players.id yaz (transfer tahtasinda taninmayan oyuncu)
api-football-transfers,player,344113,Berat Can Sebat,Sebat Gençlikspor -> Gençlerbirliği S.K. (2026-06-29),,players.id yaz (transfer tahtasinda taninmayan oyuncu)
api-football-transfers,player,66011,M. Hanousek,Gençlerbirliği S.K. -> Dukla Praha (2026-06-29),,players.id yaz (transfer tahtasinda taninmayan oyuncu)
api-football-transfers,player,451832,A. Akgül,1926 Bulancak -> Gençlerbirliği S.K. (2026-06-29),,players.id yaz (transfer tahtasinda taninmayan oyuncu)
api-football-transfers,player,162102,G. Gürpüz,Gençlerbirliği S.K. -> Trabzonspor (2026-06-29),,players.id yaz (transfer tahtasinda taninmayan oyuncu)
api-football-transfers,player,2216,M. Niang,Gençlerbirliği S.K. -> Niang M'Baye (2026-06-29),,players.id yaz (transfer tahtasinda taninmayan oyuncu)
api-football-transfers,player,432073,U. IÌslamoÄlu,Gençlerbirliği S.K. -> Islamoglu Umut (2026-06-29),,players.id yaz (transfer tahtasinda taninmayan oyuncu)
fbref,player,lumbardh dellova,Lumbardh Dellova,born=1999 club_id=2326 best_score=0.00,,players.id yaz
fbref,player,mirac acer,Miraç Acer,born=1996 club_id=2326 best_score=0.00,,players.id yaz
fbref,player,fernando,Fernando,born=1993 club_id=143 best_score=0.00,,players.id yaz
fbref,player,matija orbanic,Matija Orbanić,born=2000 club_id=143 best_score=0.00,,players.id yaz
fbref,player,mustafa fettahoglu,Mustafa Fettahoğlu,born=2001 club_id=143 best_score=0.00,,players.id yaz
fbref,player,n riman axundzad,Nəriman Axundzadə,born=2004 club_id=143 best_score=0.00,,players.id yaz
fbref,player,yakup kirtay,Yakup Kırtay,born=2003 club_id=143 best_score=0.00,,players.id yaz
fbref,player,ilkan sever,İlkan Sever,born=2004 club_id=143 best_score=0.00,,players.id yaz
fbref,player,arda hilmi sengul,Arda Hilmi Şengül,born=1998 club_id=2327 best_score=0.00,,players.id yaz
